match_id,team_a_id,team_b_id,team_a_name,team_b_name,match_date,competition_name,label,delta_avg_possession_pct,delta_avg_ppda,delta_avg_pressure_success_rate,delta_avg_xg_created_p90,delta_avg_xg_ratio,delta_avg_progressive_carry_pct,delta_avg_pass_completion_pct,delta_avg_passes_final_third_p90,delta_avg_pass_completion_under_pressure_pct,delta_avg_set_piece_shot_pct,is_home,form_points_delta,archetype_matchup_id,delta_matches_played,competition_weight
7525,796,799,Russia,Saudi Arabia,2018-06-14,FIFA World Cup,win,-1.246515878455563,1.107692307692307,-1.1525784157363108,1.3513043478260873,0.4544405997693194,0.6103092783505155,-1.0454183266932267,-0.7203917538238317,-1.0454183266932267,1.0990615224191864,1,0.0,9,2,1.0
7525,799,796,Saudi Arabia,Russia,2018-06-14,FIFA World Cup,loss,1.246515878455563,-1.107692307692307,1.1525784157363108,-1.3513043478260873,-0.4544405997693194,-0.6103092783505155,1.0454183266932267,0.7203917538238317,1.0454183266932267,-1.0990615224191864,0,0.0,6,-2,1.0
7529,785,775,Croatia,Nigeria,2018-06-16,FIFA World Cup,win,0.6945396390221613,0.553846153846154,0.7783094098883578,1.6313043478260871,0.7497116493656286,0.2721649484536075,1.5298804780876472,1.2216915543195692,1.5298804780876472,0.18978102189781024,1,0.0,6,18,1.0
7529,775,785,Nigeria,Croatia,2018-06-16,FIFA World Cup,loss,-0.6945396390221613,-0.553846153846154,-0.7783094098883578,-1.6313043478260871,-0.7497116493656286,-0.2721649484536075,-1.5298804780876472,-1.2216915543195692,-1.5298804780876472,-0.18978102189781024,0,0.0,9,-18,1.0
7530,771,792,France,Australia,2018-06-16,FIFA World Cup,win,0.7064199223212242,-0.3164835164835154,-0.42530568846358346,1.9478260869565216,0.9873125720876587,1.534020618556701,1.0613545816733052,1.1140801644398763,1.0613545816733052,0.7299270072992701,1,0.0,7,17,1.0
7530,792,771,Australia,France,2018-06-16,FIFA World Cup,loss,-0.7064199223212242,0.3164835164835154,0.42530568846358346,-1.9478260869565216,-0.9873125720876587,-1.534020618556701,-1.0613545816733052,-1.1140801644398763,-1.0613545816733052,-0.7299270072992701,0,0.0,13,-17,1.0
7531,779,793,Argentina,Iceland,2018-06-16,FIFA World Cup,draw,2.618231665524331,-0.6241758241758236,2.122275385433282,1.4695652173913039,3.1718569780853523,-0.6103092783505155,3.015139442231073,1.7711142010761134,3.015139442231073,0.5505735140771639,1,0.0,2,8,1.0
7531,793,779,Iceland,Argentina,2018-06-16,FIFA World Cup,draw,-2.618231665524331,0.6241758241758236,-2.122275385433282,-1.4695652173913039,-3.1718569780853523,0.6103092783505155,-3.015139442231073,-1.7711142010761134,-3.015139442231073,-0.5505735140771639,0,0.0,8,-8,1.0
7532,784,776,Peru,Denmark,2018-06-16,FIFA World Cup,loss,-0.22024217500571125,-0.7296703296703299,0.0765550239234449,-0.7391304347826086,-0.8604382929642447,1.3608247422680404,-0.269322709163346,-0.056103016746267054,-0.269322709163346,-0.28571428571428575,1,0.0,5,-14,1.0
7532,776,784,Denmark,Peru,2018-06-16,FIFA World Cup,win,0.22024217500571125,0.7296703296703299,-0.0765550239234449,0.7391304347826086,0.8604382929642447,-1.3608247422680404,0.269322709163346,0.056103016746267054,0.269322709163346,0.28571428571428575,0,0.0,5,14,1.0
7533,781,773,Brazil,Switzerland,2018-06-17,FIFA World Cup,draw,0.7155586017820428,-0.5978021978021976,0.046783625730994705,1.4243478260869569,6.815455594002306,0.762886597938144,0.538645418326692,1.2930294419926245,0.538645418326692,-0.15641293013555788,1,0.0,1,-8,1.0
7533,773,781,Switzerland,Brazil,2018-06-17,FIFA World Cup,draw,-0.7155586017820428,0.5978021978021976,-0.046783625730994705,-1.4243478260869569,-6.815455594002306,-0.762886597938144,-0.538645418326692,-1.2930294419926245,-0.538645418326692,0.15641293013555788,0,0.0,4,8,1.0
7534,770,794,Germany,Mexico,2018-06-17,FIFA World Cup,loss,0.9595613433858805,0.09670329670329658,0.4359383306751732,1.3913043478260871,3.5570934256055358,-0.5113402061855662,1.2127490039840625,2.2603228341696386,1.2127490039840625,-0.6673618352450472,1,0.0,1,8,1.0
7534,794,770,Mexico,Germany,2018-06-17,FIFA World Cup,win,-0.9595613433858805,-0.09670329670329658,-0.4359383306751732,-1.3913043478260871,-3.5570934256055358,0.5113402061855662,-1.2127490039840625,-2.2603228341696386,-1.2127490039840625,0.6673618352450472,0,0.0,4,-8,1.0
7535,795,786,Costa Rica,Serbia,2018-06-17,FIFA World Cup,loss,-1.2309801233721724,2.405860805860806,-1.0207336523126,-0.7478260869565219,-0.6170703575547867,-1.5793814432989688,-0.7043824701195194,-0.9740644459222536,-0.7043824701195194,-0.05005213764337868,1,0.0,13,-3,1.0
7535,786,795,Serbia,Costa Rica,2018-06-17,FIFA World Cup,win,1.2309801233721724,-2.405860805860806,1.0207336523126,0.7478260869565219,0.6170703575547867,1.5793814432989688,0.7043824701195194,0.9740644459222536,0.7043824701195194,0.05005213764337868,0,0.0,7,3,1.0
7536,782,798,Belgium,Panama,2018-06-18,FIFA World Cup,win,1.6979666438199674,-0.38388278388278446,1.4013822434875076,1.0295652173913044,1.6897347174163784,0.3876288659793811,1.1681274900398393,0.7397376216673719,1.1681274900398393,-0.8675703858185613,1,0.0,7,16,1.0
7536,798,782,Panama,Belgium,2018-06-18,FIFA World Cup,loss,-1.6979666438199674,0.38388278388278446,-1.4013822434875076,-1.0295652173913044,-1.6897347174163784,-0.3876288659793811,-1.1681274900398393,-0.7397376216673719,-1.1681274900398393,0.8675703858185613,0,0.0,13,-16,1.0
7537,777,768,Tunisia,England,2018-06-18,FIFA World Cup,loss,-0.6707790724240342,-0.8937728937728935,-0.31685273790536933,-1.0,-1.0692041522491351,0.40824742268041236,-1.099601593625498,-0.9837373798440237,-1.099601593625498,-1.691345151199166,1,0.0,5,-20,1.0
7537,768,777,England,Tunisia,2018-06-18,FIFA World Cup,win,0.6707790724240342,0.8937728937728935,0.31685273790536933,1.0,1.0692041522491351,-0.40824742268041236,1.099601593625498,0.9837373798440237,1.099601593625498,1.691345151199166,0,0.0,5,20,1.0
7538,790,791,Sweden,South Korea,2018-06-18,FIFA World Cup,win,-0.7557687914096407,0.5597069597069592,-0.48910154173312076,0.6208695652173915,1.019607843137255,0.4948453608247425,-1.3960159362549773,-0.8836225137537028,-1.3960159362549773,0.8654848800834205,1,0.0,11,2,1.0
7538,791,790,South Korea,Sweden,2018-06-18,FIFA World Cup,loss,0.7557687914096407,-0.5597069597069592,0.48910154173312076,-0.6208695652173915,-1.019607843137255,-0.4948453608247425,1.3960159362549773,0.8836225137537028,1.3960159362549773,-0.8654848800834205,0,0.0,14,-2,1.0
7539,789,787,Poland,Senegal,2018-06-19,FIFA World Cup,loss,-0.015535755083389946,0.6124542124542119,1.0866560340244558,0.03130434782608699,-0.1095732410611303,-1.472164948453608,0.28685258964143356,-0.28873707756483874,0.28685258964143356,-0.5172054223149113,1,0.0,14,6,1.0
7539,787,789,Senegal,Poland,2018-06-19,FIFA World Cup,win,0.015535755083389946,-0.6124542124542119,-1.0866560340244558,-0.03130434782608699,0.1095732410611303,1.472164948453608,-0.28685258964143356,0.28873707756483874,-0.28685258964143356,0.5172054223149113,0,0.0,11,-6,1.0
7540,796,774,Russia,Egypt,2018-06-19,FIFA World Cup,win,-0.3765135937856983,0.020512820512820856,-0.5380116959064333,1.4382608695652177,0.4936562860438292,0.9360824742268037,-0.605577689243027,-0.0674687141043469,-0.605577689243027,2.4900938477580814,1,3.0,11,5,1.0
7540,774,796,Egypt,Russia,2018-06-19,FIFA World Cup,loss,0.3765135937856983,-0.020512820512820856,0.5380116959064333,-1.4382608695652177,-0.4936562860438292,-0.9360824742268037,0.605577689243027,0.0674687141043469,0.605577689243027,-2.4900938477580814,0,-3.0,14,-5,1.0
7541,769,778,Colombia,Japan,2018-06-19,FIFA World Cup,loss,0.6662097326936255,-1.47985347985348,1.9649122807017558,0.47478260869565203,-0.7104959630911187,-0.7587628865979379,-0.29960159362549704,-0.01523487092678788,-0.29960159362549704,2.179353493222106,1,0.0,7,-4,1.0
7541,778,769,Japan,Colombia,2018-06-19,FIFA World Cup,win,-0.6662097326936255,1.47985347985348,-1.9649122807017558,-0.47478260869565203,0.7104959630911187,0.7587628865979379,0.29960159362549704,0.01523487092678788,0.29960159362549704,-2.179353493222106,0,0.0,13,4,1.0
7542,780,788,Portugal,Morocco,2018-06-20,FIFA World Cup,win,1.5663696595841898,-0.6476190476190471,0.7634237107921323,1.2243478260869567,1.6920415224913496,0.6597938144329893,1.1075697211155373,1.8356810350039297,1.1075697211155373,0.8488008342022941,1,1.0,7,8,1.0
7542,788,780,Morocco,Portugal,2018-06-20,FIFA World Cup,loss,-1.5663696595841898,0.6476190476190471,-0.7634237107921323,-1.2243478260869567,-1.6920415224913496,-0.6597938144329893,-1.1075697211155373,-1.8356810350039297,-1.1075697211155373,-0.8488008342022941,0,-1.0,13,-8,1.0
7543,797,772,Iran,Spain,2018-06-20,FIFA World Cup,loss,-3.400502627370344,2.2271062271062267,-2.2009569377990443,-2.3704347826086956,-4.6055363321799305,-0.31340206185566993,-3.9075697211155362,-3.641134151502327,-3.9075697211155362,0.47758081334723657,1,2.0,8,-15,1.0
7543,772,797,Spain,Iran,2018-06-20,FIFA World Cup,win,3.400502627370344,-2.2271062271062267,2.2009569377990443,2.3704347826086956,4.6055363321799305,0.31340206185566993,3.9075697211155362,3.641134151502327,3.9075697211155362,-0.47758081334723657,0,-2.0,2,15,1.0
7544,783,799,Uruguay,Saudi Arabia,2018-06-20,FIFA World Cup,win,-0.5154215215901301,0.6271062271062269,-0.3296119085592766,0.5026086956521743,3.482122260668974,-0.16494845360824678,-0.2071713147410375,-0.6691252040384499,-0.2071713147410375,-0.42544316996871756,1,3.0,5,2,1.0
7544,799,783,Saudi Arabia,Uruguay,2018-06-20,FIFA World Cup,loss,0.5154215215901301,-0.6271062271062269,0.3296119085592766,-0.5026086956521743,-3.482122260668974,0.16494845360824678,0.2071713147410375,0.6691252040384499,0.2071713147410375,0.42544316996871756,0,-3.0,5,-2,1.0
7545,779,785,Argentina,Croatia,2018-06-21,FIFA World Cup,loss,0.5803061457619374,-0.5098901098901095,0.7442849548112711,0.612173913043478,3.1972318339100347,0.11958762886597973,0.2406374501992038,0.5736049815609696,0.2406374501992038,1.023983315954119,1,-2.0,1,-10,1.0
7545,785,779,Croatia,Argentina,2018-06-21,FIFA World Cup,win,-0.5803061457619374,0.5098901098901095,-0.7442849548112711,-0.612173913043478,-3.1972318339100347,-0.11958762886597973,-0.2406374501992038,-0.5736049815609696,-0.2406374501992038,-1.023983315954119,0,2.0,4,10,1.0
7546,771,784,France,Peru,2018-06-21,FIFA World Cup,win,0.08316198309344264,1.2923076923076928,-0.4869750132908029,1.6643478260869566,1.4752018454440599,-0.04948453608247383,0.6581673306772895,0.41521068859198357,0.6581673306772895,0.9384775808133473,1,3.0,5,21,1.0
7546,784,771,Peru,France,2018-06-21,FIFA World Cup,loss,-0.08316198309344264,-1.2923076923076928,0.4869750132908029,-1.6643478260869566,-1.4752018454440599,0.04948453608247383,-0.6581673306772895,-0.41521068859198357,-0.6581673306772895,-0.9384775808133473,0,-3.0,5,-21,1.0
7547,776,792,Denmark,Australia,2018-06-21,FIFA World Cup,draw,0.8435001142334928,-0.8791208791208784,-0.014885699096225481,1.0226086956521738,0.37254901960784337,0.22268041237113434,0.6725099601593618,0.7549724925941599,0.6725099601593618,0.07716371220020857,1,3.0,7,10,1.0
7547,792,776,Australia,Denmark,2018-06-21,FIFA World Cup,draw,-0.8435001142334928,0.8791208791208784,0.014885699096225481,-1.0226086956521738,-0.37254901960784337,-0.22268041237113434,-0.6725099601593618,-0.7549724925941599,-0.6725099601593618,-0.07716371220020857,0,-3.0,13,-10,1.0
7548,781,795,Brazil,Costa Rica,2018-06-22,FIFA World Cup,win,2.1439342015078817,-2.778021978021978,1.371610845295057,3.4800000000000004,7.6943483275663205,1.6206185567010303,1.7466135458167305,2.3933256755939785,1.7466135458167305,1.0448383733055269,1,1.0,3,4,1.0
7548,795,781,Costa Rica,Brazil,2018-06-22,FIFA World Cup,loss,-2.1439342015078817,2.778021978021978,-1.371610845295057,-3.4800000000000004,-7.6943483275663205,-1.6206185567010303,-1.7466135458167305,-2.3933256755939785,-1.7466135458167305,-1.0448383733055269,0,-1.0,12,-4,1.0
7549,775,793,Nigeria,Iceland,2018-06-22,FIFA World Cup,win,1.3433858807402324,-0.6681318681318681,0.5996810207336528,-0.7739130434782611,-0.7750865051903114,-1.0020618556701026,1.2446215139442223,-0.02418233480442533,1.2446215139442223,-0.6631908237747653,1,-1.0,10,0,1.0
7549,793,775,Iceland,Nigeria,2018-06-22,FIFA World Cup,loss,-1.3433858807402324,0.6681318681318681,-0.5996810207336528,0.7739130434782611,0.7750865051903114,1.0020618556701026,-1.2446215139442223,0.02418233480442533,-1.2446215139442223,0.6631908237747653,0,1.0,10,0,1.0
7550,786,773,Serbia,Switzerland,2018-06-22,FIFA World Cup,loss,-0.19739547635366653,-0.22564102564102548,-0.3040935672514622,-1.307826086956522,-0.2618223760092272,0.7216494845360824,-0.5035856573705192,-0.12623178767910037,-0.5035856573705192,-1.151199165797706,1,2.0,5,-9,1.0
7550,773,786,Switzerland,Serbia,2018-06-22,FIFA World Cup,win,0.19739547635366653,0.22564102564102548,0.3040935672514622,1.307826086956522,0.2618223760092272,-0.7216494845360824,0.5035856573705192,0.12623178767910037,0.5035856573705192,1.151199165797706,0,-2.0,5,9,1.0
7551,770,790,Germany,Sweden,2018-06-23,FIFA World Cup,win,2.627370344985149,-1.6732600732600726,1.7395002658160568,1.1443478260869564,2.7923875432525946,0.11958762886597907,2.753784860557767,2.86415573423614,2.753784860557767,-0.5464025026068824,1,-3.0,2,6,1.0
7551,790,770,Sweden,Germany,2018-06-23,FIFA World Cup,loss,-2.627370344985149,1.6732600732600726,-1.7395002658160568,-1.1443478260869564,-2.7923875432525946,-0.11958762886597907,-2.753784860557767,-2.86415573423614,-2.753784860557767,0.5464025026068824,0,3.0,8,-6,1.0
7552,782,777,Belgium,Tunisia,2018-06-23,FIFA World Cup,win,0.5684258624628739,1.0344322344322336,0.08718766613503465,0.2747826086956521,0.3921568627450979,0.0783505154639173,1.1426294820717122,0.6067347802430325,1.1426294820717122,0.319082377476538,1,3.0,5,13,1.0
7552,777,782,Tunisia,Belgium,2018-06-23,FIFA World Cup,loss,-0.5684258624628739,-1.0344322344322336,-0.08718766613503465,-0.2747826086956521,-0.3921568627450979,-0.0783505154639173,-1.1426294820717122,-0.6067347802430325,-1.1426294820717122,-0.319082377476538,0,-3.0,5,-13,1.0
7553,791,794,South Korea,Mexico,2018-06-23,FIFA World Cup,loss,-0.9120402101896277,1.2102564102564102,-0.8144603934077628,-0.3739130434782608,-0.2549019607843137,-1.1257731958762878,-0.14501992031872668,0.2797896136872016,-0.14501992031872668,-0.9864442127215852,1,-3.0,13,0,1.0
7553,794,791,Mexico,South Korea,2018-06-23,FIFA World Cup,win,0.9120402101896277,-1.2102564102564102,0.8144603934077628,0.3739130434782608,0.2549019607843137,1.1257731958762878,0.14501992031872668,-0.2797896136872016,0.14501992031872668,0.9864442127215852,0,3.0,7,0,1.0
7554,768,798,England,Panama,2018-06-24,FIFA World Cup,win,1.8003198537811278,-0.5245421245421246,1.6310473152578422,1.7547826086956524,2.3667820069204155,-0.09896907216494855,1.1250996015936248,1.1167402212683633,1.1250996015936248,0.5046923879040668,1,3.0,7,23,1.0
7554,798,768,Panama,England,2018-06-24,FIFA World Cup,loss,-1.8003198537811278,0.5245421245421246,-1.6310473152578422,-1.7547826086956524,-2.3667820069204155,0.09896907216494855,-1.1250996015936248,-1.1167402212683633,-1.1250996015936248,-0.5046923879040668,0,-3.0,13,-23,1.0
7555,789,769,Poland,Colombia,2018-06-24,FIFA World Cup,loss,-0.7000228466986516,1.4065934065934058,-0.8888888888888895,-1.137391304347826,0.4256055363321799,0.23917525773195875,0.17211155378486015,-0.20143884892086322,0.17211155378486015,-2.437956204379562,1,0.0,13,9,1.0
7555,769,789,Colombia,Poland,2018-06-24,FIFA World Cup,win,0.7000228466986516,-1.4065934065934058,0.8888888888888895,1.137391304347826,-0.4256055363321799,-0.23917525773195875,-0.17211155378486015,0.20143884892086322,-0.17211155378486015,2.437956204379562,0,0.0,7,-9,1.0
7556,778,787,Japan,Senegal,2018-06-24,FIFA World Cup,draw,0.018277358921636094,0.6857142857142862,0.010632642211589327,0.693913043478261,0.17531718569780846,-0.9525773195876287,0.41434262948207046,-0.07206335771718768,0.41434262948207046,-0.2586027111574556,1,0.0,14,1,1.0
7556,787,778,Senegal,Japan,2018-06-24,FIFA World Cup,draw,-0.018277358921636094,-0.6857142857142862,-0.010632642211589327,-0.693913043478261,-0.17531718569780846,0.9525773195876287,-0.41434262948207046,0.07206335771718768,-0.41434262948207046,0.2586027111574556,0,0.0,11,-1,1.0
7557,797,780,Iran,Portugal,2018-06-25,FIFA World Cup,draw,-2.5305003427004795,1.0666666666666669,-1.7182349813928772,-1.462608695652174,-1.7727797001153405,-0.39175257731958724,-3.327490039840636,-2.2920016927634363,-3.327490039840636,-0.4984358706986445,1,-1.0,9,-12,1.0
7557,780,797,Portugal,Iran,2018-06-25,FIFA World Cup,draw,2.5305003427004795,-1.0666666666666669,1.7182349813928772,1.462608695652174,1.7727797001153405,0.39175257731958724,3.327490039840636,2.2920016927634363,3.327490039840636,0.4984358706986445,0,1.0,6,12,1.0
7558,783,796,Uruguay,Russia,2018-06-25,FIFA World Cup,win,0.7310943568654328,-0.4805860805860803,0.8229665071770342,-0.8486956521739131,3.0276816608996544,-0.7752577319587624,0.8382470119521891,0.051266549785381886,0.8382470119521891,-1.5245046923879042,1,0.0,6,0,1.0
7558,796,783,Russia,Uruguay,2018-06-25,FIFA World Cup,loss,-0.7310943568654328,0.4805860805860803,-0.8229665071770342,0.8486956521739131,-3.0276816608996544,0.7752577319587624,-0.8382470119521891,-0.051266549785381886,-0.8382470119521891,1.5245046923879042,0,0.0,9,0,1.0
7559,799,774,Saudi Arabia,Egypt,2018-06-25,FIFA World Cup,win,0.8700022846698645,-1.0871794871794864,0.6145667198298774,0.08695652173913035,0.03921568627450983,0.3257731958762882,0.4398406374501996,0.6529230397194848,0.4398406374501996,1.3910323253388945,1,0.0,7,3,1.0
7559,774,799,Egypt,Saudi Arabia,2018-06-25,FIFA World Cup,loss,-0.8700022846698645,1.0871794871794864,-0.6145667198298774,-0.08695652173913035,-0.03921568627450983,-0.3257731958762882,-0.4398406374501996,-0.6529230397194848,-0.4398406374501996,-1.3910323253388945,0,0.0,13,-3,1.0
7560,772,788,Spain,Morocco,2018-06-25,FIFA World Cup,draw,2.436371944254055,-1.808058608058607,1.2461456671982996,2.132173913043478,4.52479815455594,0.5814432989690721,1.6876494023904374,3.18481349374282,1.6876494023904374,-0.12721584984358691,1,4.0,3,11,1.0
7560,788,772,Morocco,Spain,2018-06-25,FIFA World Cup,draw,-2.436371944254055,1.808058608058607,-1.2461456671982996,-2.132173913043478,-4.52479815455594,-0.5814432989690721,-1.6876494023904374,-3.18481349374282,-1.6876494023904374,0.12721584984358691,0,-4.0,12,-11,1.0
7561,793,785,Iceland,Croatia,2018-06-26,FIFA World Cup,loss,-2.0379255197623936,0.1142857142857141,-1.3779904306220105,-0.857391304347826,0.025374855824682796,0.7298969072164951,-2.7745019920318694,-1.197509219515144,-2.7745019920318694,0.4734098018769551,1,-5.0,9,-18,1.0
7561,785,793,Croatia,Iceland,2018-06-26,FIFA World Cup,win,2.0379255197623936,-0.1142857142857141,1.3779904306220105,0.857391304347826,-0.025374855824682796,-0.7298969072164951,2.7745019920318694,1.197509219515144,2.7745019920318694,-0.4734098018769551,0,5.0,6,18,1.0
7562,792,784,Australia,Peru,2018-06-26,FIFA World Cup,loss,-0.6232579392277815,1.6087912087912084,-0.06166932482721943,-0.2834782608695651,0.4878892733564013,-1.5835051546391747,-0.4031872509960157,-0.6988694758478928,-0.4031872509960157,0.2085505735140772,1,1.0,13,4,1.0
7562,784,792,Peru,Australia,2018-06-26,FIFA World Cup,win,0.6232579392277815,-1.6087912087912084,0.06166932482721943,0.2834782608695651,-0.4878892733564013,1.5835051546391747,0.4031872509960157,0.6988694758478928,0.4031872509960157,-0.2085505735140772,0,-1.0,7,-4,1.0
7563,776,771,Denmark,France,2018-06-26,FIFA World Cup,draw,0.1370801919122686,-0.5626373626373631,0.41041998936735796,-0.925217391304348,-0.6147635524798154,-1.3113402061855666,-0.38884462151394344,-0.3591076718457165,-0.38884462151394344,-0.6527632950990615,1,-2.0,5,-7,1.0
7563,771,776,France,Denmark,2018-06-26,FIFA World Cup,draw,-0.1370801919122686,0.5626373626373631,-0.41041998936735796,0.925217391304348,0.6147635524798154,1.3113402061855666,0.38884462151394344,0.3591076718457165,0.38884462151394344,0.6527632950990615,0,2.0,5,7,1.0
7564,775,779,Nigeria,Argentina,2018-06-26,FIFA World Cup,loss,-1.2748457847840986,-0.043956043956044466,-1.522594364699629,-2.243478260869565,-3.9469434832756636,-0.39175257731958724,-1.7705179282868508,-1.7952965358805388,-1.7705179282868508,-1.2137643378519292,1,2.0,8,-8,1.0
7564,779,775,Argentina,Nigeria,2018-06-26,FIFA World Cup,win,1.2748457847840986,0.043956043956044466,1.522594364699629,2.243478260869565,3.9469434832756636,0.39175257731958724,1.7705179282868508,1.7952965358805388,1.7705179282868508,1.2137643378519292,0,-2.0,2,8,1.0
7565,786,781,Serbia,Brazil,2018-06-27,FIFA World Cup,loss,-0.9129540781357094,0.37216117216117206,-0.3508771929824569,-2.7321739130434786,-7.077277970011534,-0.0412371134020616,-1.0422310756972113,-1.4192612296717249,-1.0422310756972113,-0.9947862356621481,1,-1.0,4,-1,1.0
7565,781,786,Brazil,Serbia,2018-06-27,FIFA World Cup,win,0.9129540781357094,-0.37216117216117206,0.3508771929824569,2.7321739130434786,7.077277970011534,0.0412371134020616,1.0422310756972113,1.4192612296717249,1.0422310756972113,0.9947862356621481,0,1.0,1,1,1.0
7566,794,790,Mexico,Sweden,2018-06-27,FIFA World Cup,loss,1.6678090015992684,-1.7699633699633694,1.3035619351408836,-0.24695652173913066,-0.7647058823529413,0.6309278350515453,1.5410358565737041,0.6038329000665013,1.5410358565737041,0.12095933263816477,1,3.0,6,-2,1.0
7566,790,794,Sweden,Mexico,2018-06-27,FIFA World Cup,win,-1.6678090015992684,1.7699633699633694,-1.3035619351408836,0.24695652173913066,0.7647058823529413,-0.6309278350515453,-1.5410358565737041,-0.6038329000665013,-1.5410358565737041,-0.12095933263816477,0,-3.0,9,2,1.0
7567,791,770,South Korea,Germany,2018-06-27,FIFA World Cup,win,-1.8716015535755082,1.1135531135531136,-1.250398724082936,-1.7652173913043478,-3.8119953863898495,-0.6144329896907216,-1.3577689243027893,-1.9805332204824373,-1.3577689243027893,-0.319082377476538,1,-3.0,12,-8,1.0
7567,770,791,Germany,South Korea,2018-06-27,FIFA World Cup,loss,1.8716015535755082,-1.1135531135531136,1.250398724082936,1.7652173913043478,3.8119953863898495,0.6144329896907216,1.3577689243027893,1.9805332204824373,1.3577689243027893,0.319082377476538,0,3.0,3,8,1.0
7568,773,795,Switzerland,Costa Rica,2018-06-27,FIFA World Cup,draw,1.428375599725839,-2.1802197802197805,1.3248272195640622,2.055652173913044,0.8788927335640138,0.8577319587628863,1.2079681274900387,1.100296233601354,1.2079681274900387,1.2012513034410848,1,4.0,7,12,1.0
7568,795,773,Costa Rica,Switzerland,2018-06-27,FIFA World Cup,draw,-1.428375599725839,2.1802197802197805,-1.3248272195640622,-2.055652173913044,-0.8788927335640138,-0.8577319587628863,-1.2079681274900387,-1.100296233601354,-1.2079681274900387,-1.2012513034410848,0,-4.0,13,-12,1.0
7569,798,777,Panama,Tunisia,2018-06-28,FIFA World Cup,loss,-1.1295407813570937,1.4183150183150182,-1.314194577352473,-0.7547826086956523,-1.2975778546712804,-0.3092783505154638,-0.02549800796812693,-0.1330028414243395,-0.02549800796812693,1.1866527632950992,1,0.0,13,-3,1.0
7569,777,798,Tunisia,Panama,2018-06-28,FIFA World Cup,win,1.1295407813570937,-1.4183150183150182,1.314194577352473,0.7547826086956523,1.2975778546712804,0.3092783505154638,0.02549800796812693,0.1330028414243395,0.02549800796812693,-1.1866527632950992,0,0.0,7,3,1.0
7570,768,782,England,Belgium,2018-06-28,FIFA World Cup,loss,0.10235320996116037,-0.14065934065934013,0.22966507177033468,0.725217391304348,0.6770472895040371,-0.48659793814432967,-0.04302788844621441,0.3770025996009912,-0.04302788844621441,1.3722627737226278,1,0.0,5,7,1.0
7570,782,768,Belgium,England,2018-06-28,FIFA World Cup,win,-0.10235320996116037,0.14065934065934013,-0.22966507177033468,-0.725217391304348,-0.6770472895040371,0.48659793814432967,0.04302788844621441,-0.3770025996009912,0.04302788844621441,-1.3722627737226278,0,0.0,5,-7,1.0
7571,787,769,Senegal,Colombia,2018-06-28,FIFA World Cup,loss,-0.6844870916152617,0.7941391941391938,-1.975544922913345,-1.168695652173913,0.5351787773933102,1.7113402061855667,-0.11474103585657341,0.08729822864397556,-0.11474103585657341,-1.9207507820646508,1,1.0,9,3,1.0
7571,769,787,Colombia,Senegal,2018-06-28,FIFA World Cup,win,0.6844870916152617,-0.7941391941391938,1.975544922913345,1.168695652173913,-0.5351787773933102,-1.7113402061855667,0.11474103585657341,-0.08729822864397556,0.11474103585657341,1.9207507820646508,0,-1.0,6,-3,1.0
7572,778,789,Japan,Poland,2018-06-28,FIFA World Cup,loss,0.03381311400502604,0.07326007326007428,-1.0760233918128663,0.662608695652174,0.2848904267589388,0.5195876288659791,0.1274900398406369,0.2166737198476511,0.1274900398406369,0.2586027111574557,1,4.0,15,-5,1.0
7572,789,778,Poland,Japan,2018-06-28,FIFA World Cup,win,-0.03381311400502604,-0.07326007326007428,1.0760233918128663,-0.662608695652174,-0.2848904267589388,-0.5195876288659791,-0.1274900398406369,-0.2166737198476511,-0.1274900398406369,-0.2586027111574557,0,-4.0,15,5,1.0
7576,780,772,Portugal,Spain,2018-06-15,FIFA World Cup,draw,-0.8700022846698647,1.1604395604395599,-0.4827219564061672,-0.9078260869565216,-2.8327566320645903,0.0783505154639173,-0.5800796812749001,-1.3491324587388906,-0.5800796812749001,0.976016684045881,1,0.0,4,-3,1.0
7576,772,780,Spain,Portugal,2018-06-15,FIFA World Cup,draw,0.8700022846698647,-1.1604395604395599,0.4827219564061672,0.9078260869565216,2.8327566320645903,-0.0783505154639173,0.5800796812749001,1.3491324587388906,0.5800796812749001,-0.976016684045881,0,0.0,1,3,1.0
7577,788,797,Morocco,Iran,2018-06-15,FIFA World Cup,loss,0.9641306831162895,-0.41904761904761967,0.9548112706007449,0.23826086956521741,0.08073817762399084,-0.2680412371134021,2.219920318725099,0.4563206577595068,2.219920318725099,-0.35036496350364965,1,0.0,14,4,1.0
7577,797,788,Iran,Morocco,2018-06-15,FIFA World Cup,win,-0.9641306831162895,0.41904761904761967,-0.9548112706007449,-0.23826086956521741,-0.08073817762399084,0.2680412371134021,-2.219920318725099,-0.4563206577595068,-2.219920318725099,0.35036496350364965,0,0.0,11,-4,1.0
7578,774,783,Egypt,Uruguay,2018-06-15,FIFA World Cup,loss,-0.35458076307973446,0.46007326007325944,-0.2849548112706009,-0.5895652173913046,-3.5213379469434836,-0.16082474226804142,-0.23266932270916207,0.016202164318965026,-0.23266932270916207,-0.9655891553701771,1,0.0,13,-5,1.0
7578,783,774,Uruguay,Egypt,2018-06-15,FIFA World Cup,win,0.35458076307973446,-0.46007326007325944,0.2849548112706009,0.5895652173913046,3.5213379469434836,0.16082474226804142,0.23266932270916207,-0.016202164318965026,0.23266932270916207,0.9655891553701771,0,0.0,7,5,1.0
7579,783,780,Uruguay,Portugal,2018-06-30,FIFA World Cup,win,-1.1633538953621203,0.14065934065934077,-0.9441786283891549,-1.0365217391304347,1.5155709342560555,-0.18556701030927802,-1.3880478087649402,-1.1875944622453298,-1.3880478087649402,-1.1449426485922838,1,4.0,5,-10,1.0
7579,780,783,Portugal,Uruguay,2018-06-30,FIFA World Cup,loss,1.1633538953621203,-0.14065934065934077,0.9441786283891549,1.0365217391304347,-1.5155709342560555,0.18556701030927802,1.3880478087649402,1.1875944622453298,1.3880478087649402,1.1449426485922838,0,-4.0,5,10,1.0
7580,771,779,France,Argentina,2018-06-30,FIFA World Cup,win,-0.923006625542609,1.4974358974358974,-1.4843168527379063,-0.8643478260869564,-2.690888119953864,0.20618556701030927,-0.04462151394422331,-0.39683211414062014,-0.04462151394422331,-0.832116788321168,1,3.0,4,13,1.0
7580,779,771,Argentina,France,2018-06-30,FIFA World Cup,loss,0.923006625542609,-1.4974358974358974,1.4843168527379063,0.8643478260869564,2.690888119953864,-0.20618556701030927,0.04462151394422331,0.39683211414062014,0.04462151394422331,0.832116788321168,0,-3.0,1,-13,1.0
7581,785,776,Croatia,Denmark,2018-07-01,FIFA World Cup,draw,0.20562028786840303,-0.42490842490842495,0.32961190855927736,1.1773913043478264,0.10841983852364462,0.9855670103092775,0.19282868525896296,0.18233480442536704,0.19282868525896296,0.4608967674661105,1,4.0,5,4,1.0
7581,776,785,Denmark,Croatia,2018-07-01,FIFA World Cup,draw,-0.20562028786840303,0.42490842490842495,-0.32961190855927736,-1.1773913043478264,-0.10841983852364462,-0.9855670103092775,-0.19282868525896296,-0.18233480442536704,-0.19282868525896296,-0.4608967674661105,0,-4.0,5,-4,1.0
7582,772,796,Spain,Russia,2018-07-01,FIFA World Cup,draw,2.7644505368974177,-1.781684981684981,2.249867091972356,1.0956521739130431,4.344867358708189,-0.6680412371134016,2.806374501992029,2.5879934707696024,2.806374501992029,-1.3555787278415015,1,-1.0,2,13,1.0
7582,796,772,Russia,Spain,2018-07-01,FIFA World Cup,draw,-2.7644505368974177,1.781684981684981,-2.249867091972356,-1.0956521739130431,-4.344867358708189,0.6680412371134016,-2.806374501992029,-2.5879934707696024,-2.806374501992029,1.3555787278415015,0,1.0,8,-13,1.0
7583,781,794,Brazil,Mexico,2018-07-02,FIFA World Cup,win,0.4231208590358695,0.627106227106227,0.044657097288676506,2.495652173913044,6.997693194925028,-0.41237113402061776,1.0693227091633446,1.4011244785684058,1.0693227091633446,-0.4567257559958291,1,1.0,1,3,1.0
7583,794,781,Mexico,Brazil,2018-07-02,FIFA World Cup,loss,-0.4231208590358695,-0.627106227106227,-0.044657097288676506,-2.495652173913044,-6.997693194925028,0.41237113402061776,-1.0693227091633446,-1.4011244785684058,-1.0693227091633446,0.4567257559958291,0,-1.0,4,-3,1.0
7584,782,778,Belgium,Japan,2018-07-02,FIFA World Cup,win,0.9394562485720812,-0.2842490842490854,1.0675172780435949,-0.2486956521739131,0.4925028835063438,-0.4577319587628862,1.0629482071713139,0.42028897890091305,1.0629482071713139,-0.5192909280500522,1,5.0,7,11,1.0
7584,778,782,Japan,Belgium,2018-07-02,FIFA World Cup,loss,-0.9394562485720812,0.2842490842490854,-1.0675172780435949,0.2486956521739131,-0.4925028835063438,0.4577319587628862,-1.0629482071713139,-0.42028897890091305,-1.0629482071713139,0.5192909280500522,0,-5.0,13,-11,1.0
7585,769,768,Colombia,England,2018-07-03,FIFA World Cup,draw,-0.37559972583961604,-1.0549450549450545,0.6677299308878263,-0.0017391304347829095,-1.8800461361014995,0.18556701030927802,-1.3195219123505966,-0.8125264494286921,-1.3195219123505966,1.3263816475495305,1,0.0,5,-22,1.0
7585,768,769,England,Colombia,2018-07-03,FIFA World Cup,draw,0.37559972583961604,1.0549450549450545,-0.6677299308878263,0.0017391304347829095,1.8800461361014995,-0.18556701030927802,1.3195219123505966,0.8125264494286921,1.3195219123505966,-1.3263816475495305,0,0.0,5,22,1.0
7586,790,773,Sweden,Switzerland,2018-07-03,FIFA World Cup,win,-1.375371258853095,0.5450549450549448,-1.3014354066985652,-0.8243478260869566,0.5824682814302193,0.5443298969072164,-2.0717131474103567,-0.7119279366422826,-2.0717131474103567,0.17935349322210645,1,1.0,9,-9,1.0
7586,773,790,Switzerland,Sweden,2018-07-03,FIFA World Cup,loss,1.375371258853095,-0.5450549450549448,1.3014354066985652,0.8243478260869566,-0.5824682814302193,-0.5443298969072164,2.0717131474103567,0.7119279366422826,2.0717131474103567,-0.17935349322210645,0,-1.0,6,9,1.0
8649,783,771,Uruguay,France,2018-07-06,FIFA World Cup,loss,-0.3783413296778615,-0.6857142857142862,0.27857522594364764,-1.0191304347826085,2.0542099192618224,-0.42474226804123677,-1.1521912350597605,-0.6891965419261229,-1.1521912350597605,-0.4984358706986446,1,2.0,5,-16,1.0
8649,771,783,France,Uruguay,2018-07-06,FIFA World Cup,win,0.3783413296778615,0.6857142857142862,-0.27857522594364764,1.0191304347826085,-2.0542099192618224,0.42474226804123677,1.1521912350597605,0.6891965419261229,1.1521912350597605,0.4984358706986446,0,-2.0,5,16,1.0
8650,781,782,Brazil,Belgium,2018-07-06,FIFA World Cup,loss,0.34178661183459,-0.7912087912087904,0.38702817650186105,2.0939130434782616,5.9942329873125715,1.232989690721649,0.1211155378486064,1.1254458617979566,0.1211155378486064,0.44421272158498454,1,-2.0,1,-9,1.0
8650,782,781,Belgium,Brazil,2018-07-06,FIFA World Cup,win,-0.34178661183459,0.7912087912087904,-0.38702817650186105,-2.0939130434782616,-5.9942329873125715,-1.232989690721649,-0.1211155378486064,-1.1254458617979566,-0.1211155378486064,-0.44421272158498454,0,2.0,4,9,1.0
8651,790,768,Sweden,England,2018-07-07,FIFA World Cup,loss,-1.8514964587617082,0.492307692307692,-1.1908559276980335,-0.8800000000000001,-0.9158016147635526,1.5010309278350513,-2.446215139442228,-1.2565141164379416,-2.446215139442228,-0.5922836287799791,1,2.0,9,-17,1.0
8651,768,790,England,Sweden,2018-07-07,FIFA World Cup,win,1.8514964587617082,-0.492307692307692,1.1908559276980335,0.8800000000000001,0.9158016147635526,-1.5010309278350513,2.446215139442228,1.2565141164379416,2.446215139442228,0.5922836287799791,0,-2.0,6,17,1.0
8652,796,785,Russia,Croatia,2018-07-07,FIFA World Cup,draw,-1.452136166323966,0.7824175824175821,-1.2844231791600218,-0.42260869565217374,-0.46712802768166095,0.6762886597938145,-1.794422310756969,-0.5636902242911552,-1.794422310756969,1.2179353493222105,1,-3.0,9,-13,1.0
8652,785,796,Croatia,Russia,2018-07-07,FIFA World Cup,draw,1.452136166323966,-0.7824175824175821,1.2844231791600218,0.42260869565217374,0.46712802768166095,-0.6762886597938145,1.794422310756969,0.5636902242911552,1.794422310756969,-1.2179353493222105,0,3.0,6,13,1.0
8655,771,782,France,Belgium,2018-07-10,FIFA World Cup,win,-0.3189399131825452,0.21391941391941505,-0.6060606060606067,0.9199999999999999,0.23183391003460208,0.956701030927835,-0.24223107569721025,0.46526812163714387,-0.24223107569721025,1.0281543274244007,1,-2.0,5,5,1.0
8655,782,771,Belgium,France,2018-07-10,FIFA World Cup,loss,0.3189399131825452,-0.21391941391941505,0.6060606060606067,-0.9199999999999999,-0.23183391003460208,-0.956701030927835,0.24223107569721025,-0.46526812163714387,0.24223107569721025,-1.0281543274244007,0,2.0,5,-5,1.0
8656,785,768,Croatia,England,2018-07-11,FIFA World Cup,win,-0.07859264336303395,-0.6329670329670328,-0.09569377990430611,0.44695652173913025,-0.9515570934256058,1.1175257731958756,-0.3952191235059763,-0.0885073453841968,-0.3952191235059763,-0.5359749739311783,1,1.0,5,-5,1.0
8656,768,785,England,Croatia,2018-07-11,FIFA World Cup,loss,0.07859264336303395,0.6329670329670328,0.09569377990430611,-0.44695652173913025,0.9515570934256058,-1.1175257731958756,0.3952191235059763,0.0885073453841968,0.3952191235059763,0.5359749739311783,0,-1.0,5,5,1.0
8657,782,768,Belgium,England,2018-07-14,FIFA World Cup,win,-0.10235320996116037,0.14065934065934013,-0.22966507177033468,-0.725217391304348,-0.6770472895040371,0.48659793814432967,0.04302788844621441,-0.3770025996009912,0.04302788844621441,-1.3722627737226278,1,5.0,5,-7,1.0
8657,768,782,England,Belgium,2018-07-14,FIFA World Cup,loss,0.10235320996116037,-0.14065934065934013,0.22966507177033468,0.725217391304348,0.6770472895040371,-0.48659793814432967,-0.04302788844621441,0.3770025996009912,-0.04302788844621441,1.3722627737226278,0,-5.0,5,7,1.0
8658,771,785,France,Croatia,2018-07-15,FIFA World Cup,win,-0.34270047978067164,0.987545787545788,-0.7400318979266354,-0.25217391304347836,0.5063437139561707,0.325773195876289,0.19601593625498048,0.17677286742034948,0.19601593625498048,0.19186652763295103,1,2.0,5,3,1.0
8658,785,771,Croatia,France,2018-07-15,FIFA World Cup,loss,0.34270047978067164,-0.987545787545788,0.7400318979266354,0.25217391304347836,-0.5063437139561707,-0.325773195876289,-0.19601593625498048,-0.17677286742034948,-0.19601593625498048,-0.19186652763295103,0,-2.0,5,-3,1.0
3788741,909,914,Turkey,Italy,2021-06-11,UEFA Euro,loss,-0.4276901987662782,-0.5890109890109885,-0.3763955342902713,-1.3652173913043482,-2.575547866205306,0.05360824742268,-0.49880478087649294,-1.0009068375551662,-0.49880478087649294,-1.9770594369134515,1,0.0,5,-3,0.8
3788741,914,909,Italy,Turkey,2021-06-11,UEFA Euro,win,0.4276901987662782,0.5890109890109885,0.3763955342902713,1.3652173913043482,2.575547866205306,-0.05360824742268,0.49880478087649294,1.0009068375551662,0.49880478087649294,1.9770594369134515,0,0.0,5,3,0.8
3788742,776,1835,Denmark,Finland,2021-06-12,UEFA Euro,loss,1.3899931459904042,-0.2373626373626372,1.1121743753322706,1.5478260869565217,1.2964244521337949,0.9402061855670104,0.6916334661354582,1.1764705882352942,0.6916334661354582,1.2742440041710115,1,0.0,7,14,0.8
3788742,1835,776,Finland,Denmark,2021-06-12,UEFA Euro,win,-1.3899931459904042,0.2373626373626372,-1.1121743753322706,-1.5478260869565217,-1.2964244521337949,-0.9402061855670104,-0.6916334661354582,-1.1764705882352942,-0.6916334661354582,-1.2742440041710115,0,0.0,13,-14,0.8
3788743,782,796,Belgium,Russia,2021-06-12,UEFA Euro,win,1.4283755997258396,-0.00879120879120912,1.1504518872939933,-0.7495652173913046,0.7416378316032296,-1.3072164948453604,2.23266932270916,0.2751949700743609,2.23266932270916,-2.05422314911366,1,4.0,6,11,0.8
3788743,796,782,Russia,Belgium,2021-06-12,UEFA Euro,loss,-1.4283755997258396,0.00879120879120912,-1.1504518872939933,0.7495652173913046,-0.7416378316032296,1.3072164948453604,-2.23266932270916,-0.2751949700743609,-2.23266932270916,2.05422314911366,0,-4.0,9,-11,0.8
3788744,907,773,Wales,Switzerland,2021-06-12,UEFA Euro,draw,-0.7968928489833216,0.4395604395604392,-1.1589580010632647,-1.471304347826087,-0.33564013840830453,-0.8536082474226803,-0.7601593625498018,-0.7368357414908407,-0.7601593625498018,-0.4608967674661105,1,0.0,13,-11,0.8
3788744,773,907,Switzerland,Wales,2021-06-12,UEFA Euro,draw,0.7968928489833216,-0.4395604395604392,1.1589580010632647,1.471304347826087,0.33564013840830453,0.8536082474226803,0.7601593625498018,0.7368357414908407,0.7601593625498018,0.4608967674661105,0,0.0,7,11,0.8
3788745,768,785,England,Croatia,2021-06-13,UEFA Euro,win,0.07859264336303395,0.6329670329670328,0.09569377990430611,-0.44695652173913025,0.9515570934256058,-1.1175257731958756,0.3952191235059763,0.0885073453841968,0.3952191235059763,0.5359749739311783,1,-4.0,5,5,0.8
3788745,785,768,Croatia,England,2021-06-13,UEFA Euro,loss,-0.07859264336303395,-0.6329670329670328,-0.09569377990430611,0.44695652173913025,-0.9515570934256058,1.1175257731958756,-0.3952191235059763,-0.0885073453841968,-0.3952191235059763,-0.5359749739311783,0,4.0,5,-5,0.8
3788746,941,911,Netherlands,Ukraine,2021-06-13,UEFA Euro,win,0.3783413296778615,-0.19340659340659422,-0.13397129186602857,0.9669565217391302,2.328719723183391,-0.6639175257731955,-0.1657370517928295,0.46115712472039155,-0.1657370517928295,-0.34202294056308646,1,0.0,5,7,0.8
3788746,911,941,Ukraine,Netherlands,2021-06-13,UEFA Euro,loss,-0.3783413296778615,0.19340659340659422,0.13397129186602857,-0.9669565217391302,-2.328719723183391,0.6639175257731955,0.1657370517928295,-0.46115712472039155,0.1657370517928295,0.34202294056308646,0,0.0,5,-7,0.8
3788747,915,2358,Austria,North Macedonia,2021-06-13,UEFA Euro,win,0.9869773817683346,-1.8344322344322346,0.13397129186602857,0.21043478260869566,1.086505190311419,0.8453608247422673,0.167330677290836,1.189045402333595,0.167330677290836,-0.6089676746611052,1,0.0,7,5,0.8
3788747,2358,915,North Macedonia,Austria,2021-06-13,UEFA Euro,loss,-0.9869773817683346,1.8344322344322346,-0.13397129186602857,-0.21043478260869566,-1.086505190311419,-0.8453608247422673,-0.167330677290836,-1.189045402333595,-0.167330677290836,0.6089676746611052,0,0.0,13,-5,0.8
3788748,942,912,Scotland,Czech Republic,2021-06-14,UEFA Euro,loss,-0.17272104180945858,0.48644688644688616,0.07655502392344493,-0.8730434782608696,-0.2918108419838522,-1.91340206185567,0.4764940239043812,-0.6488120428027325,0.4764940239043812,-0.6903023983315955,1,0.0,14,-2,0.8
3788748,912,942,Czech Republic,Scotland,2021-06-14,UEFA Euro,win,0.17272104180945858,-0.48644688644688616,-0.07655502392344493,0.8730434782608696,0.2918108419838522,1.91340206185567,-0.4764940239043812,0.6488120428027325,-0.4764940239043812,0.6903023983315955,0,0.0,11,2,0.8
3788749,789,908,Poland,Slovakia,2021-06-14,UEFA Euro,loss,-0.23577793008910192,-0.035164835164835206,0.23817118553960698,0.8000000000000003,0.8073817762399077,1.2453608247422674,-0.6262948207171319,0.1985369687443324,-0.6262948207171319,0.5046923879040667,1,0.0,15,6,0.8
3788749,908,789,Slovakia,Poland,2021-06-14,UEFA Euro,win,0.23577793008910192,0.035164835164835206,-0.23817118553960698,-0.8000000000000003,-0.8073817762399077,-1.2453608247422674,0.6262948207171319,-0.1985369687443324,0.6262948207171319,-0.5046923879040667,0,0.0,15,-6,0.8
3788750,772,790,Spain,Sweden,2021-06-14,UEFA Euro,draw,3.085218185972126,-2.1245421245421237,2.060606060606062,1.9999999999999998,3.841983852364475,-0.3752577319587628,3.0629482071713117,3.192310017532192,3.0629482071713117,-0.08133472367049022,1,-3.0,2,12,0.8
3788750,790,772,Sweden,Spain,2021-06-14,UEFA Euro,draw,-3.085218185972126,2.1245421245421237,-2.060606060606062,-1.9999999999999998,-3.841983852364475,0.3752577319587628,-3.0629482071713117,-3.192310017532192,-3.0629482071713117,0.08133472367049022,0,3.0,8,-12,0.8
3788751,771,770,France,Germany,2021-06-15,UEFA Euro,win,-1.1971670093671463,1.5355311355311358,-1.3843700159489645,-0.06956521739130439,-2.321799307958477,-0.1773195876288658,-0.5067729083665345,-1.5193760957620457,-0.5067729083665345,0.7945776850886341,1,10.0,4,9,0.8
3788751,770,771,Germany,France,2021-06-15,UEFA Euro,loss,1.1971670093671463,-1.5355311355311358,1.3843700159489645,0.06956521739130439,2.321799307958477,0.1773195876288658,0.5067729083665345,1.5193760957620457,0.5067729083665345,-0.7945776850886341,0,-10.0,1,-9,0.8
3788752,916,780,Hungary,Portugal,2021-06-15,UEFA Euro,loss,-2.2225268448709157,1.4446886446886449,-1.4587985114300912,-1.982608695652174,-1.4382929642445215,-0.8618556701030924,-1.445418326693227,-2.481349374282087,-1.445418326693227,-1.6225234619395204,1,0.0,13,-12,0.8
3788752,780,916,Portugal,Hungary,2021-06-15,UEFA Euro,win,2.2225268448709157,-1.4446886446886449,1.4587985114300912,1.982608695652174,1.4382929642445215,0.8618556701030924,1.445418326693227,2.481349374282087,1.445418326693227,1.6225234619395204,0,0.0,7,12,0.8
3788753,1835,796,Finland,Russia,2021-06-16,UEFA Euro,loss,-0.14347726753484125,-0.12014652014651991,-0.15736310473152604,-2.3026086956521743,-0.9377162629757785,-2.6020618556701027,0.909960159362548,-0.7951151683695059,0.909960159362548,-2.9530761209593326,1,-2.0,14,-5,0.8
3788753,796,1835,Russia,Finland,2021-06-16,UEFA Euro,win,0.14347726753484125,0.12014652014651991,0.15736310473152604,2.3026086956521743,0.9377162629757785,2.6020618556701027,-0.909960159362548,0.7951151683695059,-0.909960159362548,2.9530761209593326,0,2.0,11,5,0.8
3788754,914,773,Italy,Switzerland,2021-06-16,UEFA Euro,win,0.38016906557002544,0.24029304029303983,-0.1297182349813929,0.26956521739130435,2.146482122260669,-0.44536082474226796,0.5657370517928277,1.0142071216976,0.5657370517928277,0.7695516162669448,1,-3.0,5,-7,0.8
3788754,773,914,Switzerland,Italy,2021-06-16,UEFA Euro,loss,-0.38016906557002544,-0.24029304029303983,0.1297182349813929,-0.26956521739130435,-2.146482122260669,0.44536082474226796,-0.5657370517928277,-1.0142071216976,-0.5657370517928277,-0.7695516162669448,0,3.0,5,7,0.8
3788755,909,907,Turkey,Wales,2021-06-16,UEFA Euro,loss,0.7493717157870688,-0.7882783882783879,0.6528442317916007,0.3756521739130433,-0.09342560553633217,0.46185567010309236,0.8270916334661366,0.7501360256332746,0.8270916334661366,-0.7466110531803962,1,-1.0,7,1,0.8
3788755,907,909,Wales,Turkey,2021-06-16,UEFA Euro,win,-0.7493717157870688,0.7882783882783879,-0.6528442317916007,-0.3756521739130433,0.09342560553633217,-0.46185567010309236,-0.8270916334661366,-0.7501360256332746,-0.8270916334661366,0.7466110531803962,0,1.0,13,-1,0.8
3788756,941,915,Netherlands,Austria,2021-06-17,UEFA Euro,win,0.0182773589216354,1.4652014652014644,-0.19138755980861225,0.6243478260869566,1.8477508650519032,-1.1835051546391746,0.3521912350597597,-0.058763073574753744,0.3521912350597597,0.6047966631908238,1,0.0,5,7,0.8
3788756,915,941,Austria,Netherlands,2021-06-17,UEFA Euro,loss,-0.0182773589216354,-1.4652014652014644,0.19138755980861225,-0.6243478260869566,-1.8477508650519032,1.1835051546391746,-0.3521912350597597,0.058763073574753744,-0.3521912350597597,-0.6047966631908238,0,0.0,5,-7,0.8
3788757,776,782,Denmark,Belgium,2021-06-17,UEFA Euro,loss,-0.1818597212702766,-0.34871794871794803,-0.19564061669324878,-0.005217391304348007,-0.38292964244521327,-0.35463917525773164,-0.6310756972111538,0.10616044979142736,-0.6310756972111538,0.37539103232533905,1,-6.0,5,-2,0.8
3788757,782,776,Belgium,Denmark,2021-06-17,UEFA Euro,win,0.1818597212702766,0.34871794871794803,0.19564061669324878,0.005217391304348007,0.38292964244521327,0.35463917525773164,0.6310756972111538,-0.10616044979142736,0.6310756972111538,-0.37539103232533905,0,6.0,5,2,0.8
3788758,911,2358,Ukraine,North Macedonia,2021-06-17,UEFA Euro,win,0.6269134110121085,-0.17582417582417592,0.0765550239234449,-0.132173913043478,0.6055363321799309,0.32577319587628817,0.6852589641434252,0.6691252040384499,0.6852589641434252,0.33785192909280504,1,0.0,7,5,0.8
3788758,2358,911,North Macedonia,Ukraine,2021-06-17,UEFA Euro,loss,-0.6269134110121085,0.17582417582417592,-0.0765550239234449,0.132173913043478,-0.6055363321799309,-0.32577319587628817,-0.6852589641434252,-0.6691252040384499,-0.6852589641434252,-0.33785192909280504,0,0.0,13,-5,0.8
3788759,768,942,England,Scotland,2021-06-18,UEFA Euro,draw,1.1112634224354574,0.1465201465201466,0.6528442317916007,1.8121739130434786,1.7474048442906576,0.30515463917525776,1.1904382470119508,1.3343812345081916,1.1904382470119508,2.2711157455683004,1,7.0,7,20,0.8
3788759,942,768,Scotland,England,2021-06-18,UEFA Euro,draw,-1.1112634224354574,-0.1465201465201466,-0.6528442317916007,-1.8121739130434786,-1.7474048442906576,-0.30515463917525776,-1.1904382470119508,-1.3343812345081916,-1.1904382470119508,-2.2711157455683004,0,-7.0,13,-20,0.8
3788760,785,912,Croatia,Czech Republic,2021-06-18,UEFA Euro,draw,0.859949737262965,0.0,0.6337054758107394,1.386086956521739,0.5040369088811996,-0.4907216494845365,1.2717131474103558,0.5970618463212621,1.2717131474103558,1.0448383733055266,1,2.0,6,13,0.8
3788760,912,785,Czech Republic,Croatia,2021-06-18,UEFA Euro,draw,-0.859949737262965,0.0,-0.6337054758107394,-1.386086956521739,-0.5040369088811996,0.4907216494845365,-1.2717131474103558,-0.5970618463212621,-1.2717131474103558,-1.0448383733055266,0,-2.0,9,-13,0.8
3788761,790,908,Sweden,Slovakia,2021-06-18,UEFA Euro,win,-1.0116518163125425,0.10549450549450556,-0.7315257841573635,1.059130434782609,1.3460207612456747,2.321649484536082,-1.9250996015936235,-0.044011849344054,-1.9250996015936235,1.0239833159541192,1,4.0,11,2,0.8
3788761,908,790,Slovakia,Sweden,2021-06-18,UEFA Euro,loss,1.0116518163125425,-0.10549450549450556,0.7315257841573635,-1.059130434782609,-1.3460207612456747,-2.321649484536082,1.9250996015936235,0.044011849344054,1.9250996015936235,-1.0239833159541192,0,-4.0,14,-2,0.8
3788762,772,789,Spain,Poland,2021-06-19,UEFA Euro,draw,2.3093442997486857,-1.983882783882783,1.0909090909090915,2.2591304347826084,4.380622837370242,0.7010309278350517,1.7641434262948203,2.9497611994438055,1.7641434262948203,0.4379562043795622,1,4.0,3,8,0.8
3788762,789,772,Poland,Spain,2021-06-19,UEFA Euro,draw,-2.3093442997486857,1.983882783882783,-1.0909090909090915,-2.2591304347826084,-4.380622837370242,-0.7010309278350517,-1.7641434262948203,-2.9497611994438055,-1.7641434262948203,-0.4379562043795622,0,-4.0,12,-8,0.8
3788763,916,771,Hungary,France,2021-06-19,UEFA Euro,draw,-1.4375142791866569,0.6183150183150179,-0.23604465709728872,-1.9652173913043478,-0.8996539792387543,-1.1010309278350512,-1.2095617529880471,-1.9829514539628799,-1.2095617529880471,-0.9760166840458813,1,-15.0,13,-18,0.8
3788763,771,916,France,Hungary,2021-06-19,UEFA Euro,draw,1.4375142791866569,-0.6183150183150179,0.23604465709728872,1.9652173913043478,0.8996539792387543,1.1010309278350512,1.2095617529880471,1.9829514539628799,1.2095617529880471,0.9760166840458813,0,15.0,7,18,0.8
3788764,780,770,Portugal,Germany,2021-06-19,UEFA Euro,loss,-0.41215444368288745,0.7091575091575089,-0.161616161616162,-0.05217391304347818,-1.78316032295271,-0.41649484536082454,-0.2709163346613548,-1.0209781754428386,-0.2709163346613548,1.4410844629822732,1,5.0,4,3,0.8
3788764,770,780,Germany,Portugal,2021-06-19,UEFA Euro,win,0.41215444368288745,-0.7091575091575089,0.161616161616162,0.05217391304347818,1.78316032295271,0.41649484536082454,0.2709163346613548,1.0209781754428386,0.2709163346613548,-1.4410844629822732,0,-5.0,1,-3,0.8
3788765,773,909,Switzerland,Turkey,2021-06-20,UEFA Euro,win,0.04752113319625273,0.34871794871794864,0.5061137692716642,1.0956521739130438,0.4290657439446367,0.39175257731958796,-0.0669322709163348,-0.013300284142433894,-0.0669322709163348,1.2075078206465069,1,5.0,5,10,0.8
3788765,909,773,Turkey,Switzerland,2021-06-20,UEFA Euro,loss,-0.04752113319625273,-0.34871794871794864,-0.5061137692716642,-1.0956521739130438,-0.4290657439446367,-0.39175257731958796,0.0669322709163348,0.013300284142433894,0.0669322709163348,-1.2075078206465069,0,-5.0,5,-10,0.8
3788766,914,907,Italy,Wales,2021-06-20,UEFA Euro,win,1.177061914553347,-0.19926739926739942,1.029239766081872,1.7408695652173916,2.4821222606689735,0.40824742268041236,1.3258964143426295,1.7510428631884407,1.3258964143426295,1.2304483837330553,1,2.0,7,4,0.8
3788766,907,914,Wales,Italy,2021-06-20,UEFA Euro,loss,-1.177061914553347,0.19926739926739942,-1.029239766081872,-1.7408695652173916,-2.4821222606689735,-0.40824742268041236,-1.3258964143426295,-1.7510428631884407,-1.3258964143426295,-1.2304483837330553,0,-2.0,13,-4,0.8
3788767,911,915,Ukraine,Austria,2021-06-21,UEFA Euro,loss,-0.3600639707562261,1.6586080586080585,-0.05741626794258367,-0.34260869565217367,-0.48096885813148793,-0.5195876288659791,0.5179282868525892,-0.5199201982951452,0.5179282868525892,0.9468196037539103,1,0.0,5,0,0.8
3788767,915,911,Austria,Ukraine,2021-06-21,UEFA Euro,win,0.3600639707562261,-1.6586080586080585,0.05741626794258367,0.34260869565217367,0.48096885813148793,0.5195876288659791,-0.5179282868525892,0.5199201982951452,-0.5179282868525892,-0.9468196037539103,0,0.0,5,0,0.8
3788768,1835,782,Finland,Belgium,2021-06-21,UEFA Euro,loss,-1.5718528672606809,-0.1113553113553108,-1.3078149920255193,-1.5530434782608697,-1.6793540945790082,-1.294845360824742,-1.322709163346612,-1.0703101384438667,-1.322709163346612,-0.8988529718456725,1,-9.0,13,-16,0.8
3788768,782,1835,Belgium,Finland,2021-06-21,UEFA Euro,win,1.5718528672606809,0.1113553113553108,1.3078149920255193,1.5530434782608697,1.6793540945790082,1.294845360824742,1.322709163346612,1.0703101384438667,1.322709163346612,0.8988529718456725,0,9.0,7,16,0.8
3788769,796,776,Russia,Denmark,2021-06-21,UEFA Euro,loss,-1.246515878455563,0.3575091575091571,-0.9548112706007446,0.7547826086956526,-0.35870818915801633,1.6618556701030922,-1.601593625498006,-0.38135541986578825,-1.601593625498006,1.6788321167883211,1,2.0,9,-9,0.8
3788769,776,796,Denmark,Russia,2021-06-21,UEFA Euro,win,1.246515878455563,-0.3575091575091571,0.9548112706007446,-0.7547826086956526,0.35870818915801633,-1.6618556701030922,1.601593625498006,0.38135541986578825,1.601593625498006,-1.6788321167883211,0,-2.0,6,9,0.8
3788770,2358,941,North Macedonia,Netherlands,2021-06-21,UEFA Euro,loss,-1.0052547406899701,0.36923076923077014,0.05741626794258367,-0.8347826086956522,-2.934256055363322,0.3381443298969073,-0.5195219123505956,-1.1302823287588413,-0.5195219123505956,0.004171011470281455,1,-6.0,13,-12,0.8
3788770,941,2358,Netherlands,North Macedonia,2021-06-21,UEFA Euro,win,1.0052547406899701,-0.36923076923077014,-0.05741626794258367,0.8347826086956522,2.934256055363322,-0.3381443298969073,0.5195219123505956,1.1302823287588413,0.5195219123505956,-0.004171011470281455,0,6.0,7,12,0.8
3788771,785,942,Croatia,Scotland,2021-06-22,UEFA Euro,win,1.0326707790724234,-0.48644688644688616,0.5571504518872945,2.259130434782609,0.7958477508650519,1.4226804123711334,0.7952191235059746,1.2458738891239947,0.7952191235059746,1.735140771637122,1,4.0,7,15,0.8
3788771,942,785,Scotland,Croatia,2021-06-22,UEFA Euro,loss,-1.0326707790724234,0.48644688644688616,-0.5571504518872945,-2.259130434782609,-0.7958477508650519,-1.4226804123711334,-0.7952191235059746,-1.2458738891239947,-0.7952191235059746,-1.735140771637122,0,-4.0,13,-15,0.8
3788772,912,768,Czech Republic,England,2021-06-22,UEFA Euro,loss,-0.9385423806259989,-0.6329670329670328,-0.7293992557150456,-0.9391304347826089,-1.4555940023068055,1.608247422680412,-1.6669322709163321,-0.6855691917054589,-1.6669322709163321,-1.580813347236705,1,-3.0,9,-18,0.8
3788772,768,912,England,Czech Republic,2021-06-22,UEFA Euro,win,0.9385423806259989,0.6329670329670328,0.7293992557150456,0.9391304347826089,1.4555940023068055,-1.608247422680412,1.6669322709163321,0.6855691917054589,1.6669322709163321,1.580813347236705,0,3.0,6,18,0.8
3788773,780,771,Portugal,France,2021-06-23,UEFA Euro,draw,0.7850125656842588,-0.826373626373627,1.2227538543328025,0.01739130434782621,0.5386389850057671,-0.23917525773195875,0.23585657370517976,0.49839792031920704,0.23585657370517976,0.6465067778936391,1,-6.0,5,-6,0.8
3788773,771,780,France,Portugal,2021-06-23,UEFA Euro,draw,-0.7850125656842588,0.826373626373627,-1.2227538543328025,-0.01739130434782621,-0.5386389850057671,0.23917525773195875,-0.23585657370517976,-0.49839792031920704,-0.23585657370517976,-0.6465067778936391,0,6.0,5,6,0.8
3788774,770,916,Germany,Hungary,2021-06-23,UEFA Euro,draw,2.634681288553803,-2.1538461538461537,1.6204146730462532,2.034782608695652,3.2214532871972317,1.278350515463917,1.7163346613545818,3.5023275497249253,1.7163346613545818,0.18143899895724716,1,5.0,3,9,0.8
3788774,916,770,Hungary,Germany,2021-06-23,UEFA Euro,draw,-2.634681288553803,2.1538461538461537,-1.6204146730462532,-2.034782608695652,-3.2214532871972317,-1.278350515463917,-1.7163346613545818,-3.5023275497249253,-1.7163346613545818,-0.18143899895724716,0,-5.0,12,-9,0.8
3788775,908,772,Slovakia,Spain,2021-06-23,UEFA Euro,loss,-2.0735663696595834,2.019047619047618,-1.3290802764486984,-3.0591304347826087,-5.18800461361015,-1.9463917525773193,-1.1378486055776884,-3.148298168188138,-1.1378486055776884,-0.9426485922836289,1,-4.0,12,-14,0.8
3788775,772,908,Spain,Slovakia,2021-06-23,UEFA Euro,win,2.0735663696595834,-2.019047619047618,1.3290802764486984,3.0591304347826087,5.18800461361015,1.9463917525773193,1.1378486055776884,3.148298168188138,1.1378486055776884,0.9426485922836289,0,4.0,3,14,0.8
3788776,790,789,Sweden,Poland,2021-06-23,UEFA Euro,win,-0.7758738862234407,0.14065934065934077,-0.9696969696969704,0.2591304347826088,0.5386389850057671,1.0762886597938146,-1.2988047808764915,-0.2425488180883864,-1.2988047808764915,0.5192909280500524,1,6.0,11,-4,0.8
3788776,789,790,Poland,Sweden,2021-06-23,UEFA Euro,loss,0.7758738862234407,-0.14065934065934077,0.9696969696969704,-0.2591304347826088,-0.5386389850057671,-1.0762886597938146,1.2988047808764915,0.2425488180883864,1.2988047808764915,-0.5192909280500524,0,-6.0,14,4,0.8
3794685,914,915,Italy,Austria,2021-06-26,UEFA Euro,win,0.11423349326022392,1.5589743589743583,0.4550770866560344,1.0782608695652176,1.8027681660899655,-0.8783505154639168,0.7298804780876486,0.5989964331056166,0.7298804780876486,1.8081334723670492,1,3.0,5,3,0.8
3794685,915,914,Austria,Italy,2021-06-26,UEFA Euro,loss,-0.11423349326022392,-1.5589743589743583,-0.4550770866560344,-1.0782608695652176,-1.8027681660899655,0.8783505154639168,-0.7298804780876486,-0.5989964331056166,-0.7298804780876486,-1.8081334723670492,0,-3.0,5,-3,0.8
3794686,785,772,Croatia,Spain,2021-06-28,UEFA Euro,loss,-1.312314370573452,0.9992673992673989,-0.9654439128123344,-0.6730434782608694,-3.877739331026528,-0.008247422680412952,-1.0119521912350602,-2.024303246478447,-1.0119521912350602,0.13764337851929093,1,0.0,4,0,0.8
3794686,772,785,Spain,Croatia,2021-06-28,UEFA Euro,win,1.312314370573452,-0.9992673992673989,0.9654439128123344,0.6730434782608694,3.877739331026528,0.008247422680412952,1.0119521912350602,2.024303246478447,1.0119521912350602,-0.13764337851929093,0,0.0,1,0,0.8
3794687,782,780,Belgium,Portugal,2021-06-27,UEFA Euro,win,-0.4660726525017136,0.6124542124542119,-0.6166932482721957,-0.9373913043478261,-0.7704728950403692,-0.7175257731958762,0.00637450199203049,-0.963666041956351,0.00637450199203049,-1.6746611053180396,1,7.0,5,1,0.8
3794687,780,782,Portugal,Belgium,2021-06-27,UEFA Euro,loss,0.4660726525017136,-0.6124542124542119,0.6166932482721957,0.9373913043478261,0.7704728950403692,0.7175257731958762,-0.00637450199203049,0.963666041956351,-0.00637450199203049,1.6746611053180396,0,-7.0,5,-1,0.8
3794688,768,770,England,Germany,2021-06-29,UEFA Euro,win,-0.7758738862234407,1.1809523809523808,-0.548644338118023,-0.2643478260869563,-1.876585928489042,-1.6206185567010305,-0.3075697211155387,-1.6076416177981985,-0.3075697211155387,1.1386861313868615,1,0.0,4,11,0.8
3794688,770,768,Germany,England,2021-06-29,UEFA Euro,loss,0.7758738862234407,-1.1809523809523808,0.548644338118023,0.2643478260869563,1.876585928489042,1.6206185567010305,0.3075697211155387,1.6076416177981985,0.3075697211155387,-1.1386861313868615,0,0.0,1,-11,0.8
3794689,907,776,Wales,Denmark,2021-06-26,UEFA Euro,loss,-0.9888051176604977,0.5948717948717943,-0.6230728335991498,-0.7965217391304347,-0.773933102652826,-0.02886597938144342,-0.5466135458167337,-1.010579771476936,-0.5466135458167337,-0.23566214807090718,1,-1.0,13,-10,0.8
3794689,776,907,Denmark,Wales,2021-06-26,UEFA Euro,win,0.9888051176604977,-0.5948717948717943,0.6230728335991498,0.7965217391304347,0.773933102652826,0.02886597938144342,0.5466135458167337,1.010579771476936,0.5466135458167337,0.23566214807090718,0,1.0,7,10,0.8
3794690,941,912,Netherlands,Czech Republic,2021-06-27,UEFA Euro,loss,0.7466301119488227,0.726739926739926,0.06379585326953771,0.6991304347826086,2.1487889273356404,-1.402061855670103,1.4804780876494,0.4974306269270296,1.4804780876494,0.3753910323253389,1,5.0,6,7,0.8
3794690,912,941,Czech Republic,Netherlands,2021-06-27,UEFA Euro,win,-0.7466301119488227,-0.726739926739926,-0.06379585326953771,-0.6991304347826086,-2.1487889273356404,1.402061855670103,-1.4804780876494,-0.4974306269270296,-1.4804780876494,-0.3753910323253389,0,-5.0,9,-7,0.8
3794691,771,773,France,Switzerland,2021-06-28,UEFA Euro,draw,0.05483207676490759,0.40732600732600793,-0.9463051568314731,0.25043478260869545,1.0530565167243369,0.48659793814432967,0.17529880478087534,0.6328517018318118,0.17529880478087534,0.4275286757038582,1,6.0,5,6,0.8
3794691,773,771,Switzerland,France,2021-06-28,UEFA Euro,draw,-0.05483207676490759,-0.40732600732600793,0.9463051568314731,-0.25043478260869545,-1.0530565167243369,-0.48659793814432967,-0.17529880478087534,-0.6328517018318118,-0.17529880478087534,-0.4275286757038582,0,-6.0,5,-6,0.8
3794692,790,911,Sweden,Ukraine,2021-06-29,UEFA Euro,loss,-1.2812428604066706,0.20512820512820462,-0.6592238171185543,0.32695652173913037,0.7197231833910036,0.6309278350515466,-2.425498007968125,-0.6072184269391209,-2.425498007968125,0.2711157455683005,1,7.0,9,1,0.8
3794692,911,790,Ukraine,Sweden,2021-06-29,UEFA Euro,win,1.2812428604066706,-0.20512820512820462,0.6592238171185543,-0.32695652173913037,-0.7197231833910036,-0.6309278350515466,2.425498007968125,0.6072184269391209,2.425498007968125,-0.2711157455683005,0,-7.0,6,-1,0.8
3795107,782,914,Belgium,Italy,2021-07-02,UEFA Euro,loss,-0.006397075622572634,-0.046886446886446914,-0.21052631578947345,-0.9391304347826088,-1.3252595155709344,-0.024742268041237303,-0.14820717131474215,-0.8466235415029322,-0.14820717131474215,-1.3701772679874873,1,3.0,5,8,0.8
3795107,914,782,Italy,Belgium,2021-07-02,UEFA Euro,win,0.006397075622572634,0.046886446886446914,0.21052631578947345,0.9391304347826088,1.3252595155709344,0.024742268041237303,0.14820717131474215,0.8466235415029322,0.14820717131474215,1.3701772679874873,0,-3.0,5,-8,0.8
3795108,773,772,Switzerland,Spain,2021-07-02,UEFA Euro,draw,-1.709846927119031,1.579487179487179,-0.7591706539074966,-1.1756521739130432,-4.424452133794694,-0.16907216494845362,-0.9912350597609552,-2.4803820808899095,-0.9912350597609552,-0.09801876955161623,1,-4.0,4,-3,0.8
3795108,772,773,Spain,Switzerland,2021-07-02,UEFA Euro,draw,1.709846927119031,-1.579487179487179,0.7591706539074966,1.1756521739130432,4.424452133794694,0.16907216494845362,0.9912350597609552,2.4803820808899095,0.9912350597609552,0.09801876955161623,0,4.0,1,3,0.8
3795109,912,776,Czech Republic,Denmark,2021-07-03,UEFA Euro,loss,-0.654329449394562,-0.42490842490842495,-0.30409356725146214,-0.20869565217391287,-0.395617070357555,1.476288659793814,-1.0788844621513929,-0.41472704189589515,-1.0788844621513929,-0.5839416058394161,1,0.0,9,-9,0.8
3795109,776,912,Denmark,Czech Republic,2021-07-03,UEFA Euro,win,0.654329449394562,0.42490842490842495,0.30409356725146214,0.20869565217391287,0.395617070357555,-1.476288659793814,1.0788844621513929,0.41472704189589515,1.0788844621513929,0.5839416058394161,0,0.0,6,9,0.8
3795187,911,768,Ukraine,England,2021-07-03,UEFA Euro,loss,-0.5702535983550377,0.2871794871794874,-0.5316321105794793,-1.2069565217391305,-1.6355247981545562,0.8701030927835047,-0.020717131474102812,-0.6492956894988209,-0.020717131474102812,-0.8633993743482796,1,-4.0,5,-18,0.8
3795187,768,911,England,Ukraine,2021-07-03,UEFA Euro,win,0.5702535983550377,-0.2871794871794874,0.5316321105794793,1.2069565217391305,1.6355247981545562,-0.8701030927835047,0.020717131474102812,0.6492956894988209,0.020717131474102812,0.8633993743482796,0,4.0,5,18,0.8
3795220,914,772,Italy,Spain,2021-07-06,UEFA Euro,draw,-1.3296778615490057,1.8197802197802189,-0.8888888888888895,-0.9060869565217389,-2.277970011534025,-0.6144329896907216,-0.4254980079681274,-1.4661749591923094,-0.4254980079681274,0.6715328467153285,1,6.0,4,-10,0.8
3795220,772,914,Spain,Italy,2021-07-06,UEFA Euro,draw,1.3296778615490057,-1.8197802197802189,0.8888888888888895,0.9060869565217389,2.277970011534025,0.6144329896907216,0.4254980079681274,1.4661749591923094,0.4254980079681274,-0.6715328467153285,0,-6.0,1,10,0.8
3795221,768,776,England,Denmark,2021-07-07,UEFA Euro,win,0.284212931231437,0.20805860805860787,0.42530568846358346,0.7304347826086961,1.0599769319492505,-0.13195876288659802,0.5880478087649392,0.27084214980956384,0.5880478087649392,0.9968717413972888,1,4.0,5,9,0.8
3795221,776,768,Denmark,England,2021-07-07,UEFA Euro,loss,-0.284212931231437,-0.20805860805860787,-0.42530568846358346,-0.7304347826086961,-1.0599769319492505,0.13195876288659802,-0.5880478087649392,-0.27084214980956384,-0.5880478087649392,-0.9968717413972888,0,-4.0,5,-9,0.8
3795506,914,768,Italy,England,2021-07-11,UEFA Euro,draw,-0.09595613433858774,0.18754578754578705,-0.019138755980861233,0.2139130434782608,0.6482122260668972,0.511340206185567,0.19123505976095656,0.4696209419019409,0.19123505976095656,-0.002085505735140769,1,0.0,5,-15,0.8
3795506,768,914,England,Italy,2021-07-11,UEFA Euro,draw,0.09595613433858774,-0.18754578754578705,0.019138755980861233,-0.2139130434782608,-0.6482122260668972,-0.511340206185567,-0.19123505976095656,-0.4696209419019409,-0.19123505976095656,0.002085505735140769,0,0.0,5,15,0.8
3857254,776,777,Denmark,Tunisia,2022-11-22,FIFA World Cup,draw,0.38656614119259725,0.6857142857142856,-0.10845295055821412,0.269565217391304,0.009227220299884653,-0.27628865979381434,0.5115537848605586,0.7128952300344598,0.5115537848605586,0.6944734098018771,1,6.0,5,11,1.0
3857254,777,776,Tunisia,Denmark,2022-11-22,FIFA World Cup,draw,-0.38656614119259725,-0.6857142857142856,0.10845295055821412,-0.269565217391304,-0.009227220299884653,0.27628865979381434,-0.5115537848605586,-0.7128952300344598,-0.5115537848605586,-0.6944734098018771,0,-6.0,5,-11,1.0
3857255,778,772,Japan,Spain,2022-12-01,FIFA World Cup,win,-2.2755311857436595,2.0571428571428574,-2.1669324827219576,-1.5965217391304347,-4.095732410611303,-0.18144329896907266,-1.6366533864541835,-2.7330874795961546,-1.6366533864541835,-0.17935349322210645,1,-5.0,12,-13,1.0
3857255,772,778,Spain,Japan,2022-12-01,FIFA World Cup,loss,2.2755311857436595,-2.0571428571428574,2.1669324827219576,1.5965217391304347,4.095732410611303,0.18144329896907266,1.6366533864541835,2.7330874795961546,1.6366533864541835,0.17935349322210645,0,5.0,3,13,1.0
3857256,786,773,Serbia,Switzerland,2022-12-02,FIFA World Cup,loss,-0.19739547635366653,-0.22564102564102548,-0.3040935672514622,-1.307826086956522,-0.2618223760092272,0.7216494845360824,-0.5035856573705192,-0.12623178767910037,-0.5035856573705192,-1.151199165797706,1,-4.0,5,-9,1.0
3857256,773,786,Switzerland,Serbia,2022-12-02,FIFA World Cup,win,0.19739547635366653,0.22564102564102548,0.3040935672514622,1.307826086956522,0.2618223760092272,-0.7216494845360824,0.5035856573705192,0.12623178767910037,0.5035856573705192,1.151199165797706,0,4.0,5,9,1.0
3857257,792,776,Australia,Denmark,2022-11-30,FIFA World Cup,win,-0.8435001142334928,0.8791208791208784,0.014885699096225481,-1.0226086956521738,-0.37254901960784337,-0.22268041237113434,-0.6725099601593618,-0.7549724925941599,-0.6725099601593618,-0.07716371220020857,1,-3.0,13,-10,1.0
3857257,776,792,Denmark,Australia,2022-11-30,FIFA World Cup,loss,0.8435001142334928,-0.8791208791208784,-0.014885699096225481,1.0226086956521738,0.37254901960784337,0.22268041237113434,0.6725099601593618,0.7549724925941599,0.6725099601593618,0.07716371220020857,0,3.0,7,10,1.0
3857258,781,786,Brazil,Serbia,2022-11-24,FIFA World Cup,win,0.9129540781357094,-0.37216117216117206,0.3508771929824569,2.7321739130434786,7.077277970011534,0.0412371134020616,1.0422310756972113,1.4192612296717249,1.0422310756972113,0.9947862356621481,1,7.0,1,1,1.0
3857258,786,781,Serbia,Brazil,2022-11-24,FIFA World Cup,loss,-0.9129540781357094,0.37216117216117206,-0.3508771929824569,-2.7321739130434786,-7.077277970011534,-0.0412371134020616,-1.0422310756972113,-1.4192612296717249,-1.0422310756972113,-0.9947862356621481,0,-7.0,4,-1,1.0
3857259,2722,786,Cameroon,Serbia,2022-11-28,FIFA World Cup,draw,-0.5876170893305915,0.6769230769230765,0.6868686868686874,-0.0034782608695652084,-0.3437139561707036,-0.5484536082474226,-0.49721115537848404,-0.2686657396771658,-0.49721115537848404,0.18561001042752867,1,-3.0,13,-6,1.0
3857259,786,2722,Serbia,Cameroon,2022-11-28,FIFA World Cup,draw,0.5876170893305915,-0.6769230769230765,-0.6868686868686874,0.0034782608695652084,0.3437139561707036,0.5484536082474226,0.49721115537848404,0.2686657396771658,0.49721115537848404,-0.18561001042752867,0,3.0,7,6,1.0
3857260,799,794,Saudi Arabia,Mexico,2022-11-30,FIFA World Cup,loss,-0.10052547406899714,0.3194139194139194,-0.34024455077086707,-0.2,-0.1926182237600922,-0.948453608247422,-0.239043824701195,0.7208754005199202,-0.239043824701195,0.05422314911365994,1,2.0,5,-1,1.0
3857260,794,799,Mexico,Saudi Arabia,2022-11-30,FIFA World Cup,win,0.10052547406899714,-0.3194139194139194,0.34024455077086707,0.2,0.1926182237600922,0.948453608247422,0.239043824701195,-0.7208754005199202,0.239043824701195,-0.05422314911365994,0,-2.0,5,1,1.0
3857261,907,768,Wales,England,2022-11-29,FIFA World Cup,loss,-1.2730180488919347,0.38681318681318644,-1.048378522062733,-1.5269565217391308,-1.8339100346020765,0.1030927835051546,-1.134661354581673,-1.2814219212865,-1.134661354581673,-1.232533889468196,1,-7.0,13,-19,1.0
3857261,768,907,England,Wales,2022-11-29,FIFA World Cup,win,1.2730180488919347,-0.38681318681318644,1.048378522062733,1.5269565217391308,1.8339100346020765,-0.1030927835051546,1.134661354581673,1.2814219212865,1.134661354581673,1.232533889468196,0,7.0,7,19,1.0
3857262,791,780,South Korea,Portugal,2022-12-02,FIFA World Cup,win,-1.4594471098926207,0.4043956043956047,-1.088782562466774,-1.71304347826087,-2.02883506343714,-0.19793814432989704,-1.0868525896414345,-0.9595550450395987,-1.0868525896414345,-1.7601668404588113,1,-3.0,13,-11,1.0
3857262,780,791,Portugal,South Korea,2022-12-02,FIFA World Cup,loss,1.4594471098926207,-0.4043956043956047,1.088782562466774,1.71304347826087,2.02883506343714,0.19793814432989704,1.0868525896414345,0.9595550450395987,1.0868525896414345,1.7601668404588113,0,3.0,7,11,1.0
3857263,772,770,Spain,Germany,2022-11-27,FIFA World Cup,draw,0.4578478409869773,-0.451282051282051,0.32110579479000523,0.8556521739130434,1.0495963091118803,-0.49484536082474184,0.3091633466135453,0.328154283296052,0.3091633466135453,0.4650677789363922,1,7.0,0,6,1.0
3857263,770,772,Germany,Spain,2022-11-27,FIFA World Cup,draw,-0.4578478409869773,0.451282051282051,-0.32110579479000523,-0.8556521739130434,-1.0495963091118803,0.49484536082474184,-0.3091633466135453,-0.328154283296052,-0.3091633466135453,-0.4650677789363922,0,-7.0,0,-6,1.0
3857264,789,779,Poland,Argentina,2022-11-30,FIFA World Cup,loss,-1.577336074937171,1.4945054945054936,-0.8697501329080282,-2.198260869565217,-3.7001153402537486,-0.8123711340206186,-0.9928286852589638,-1.4990629345263282,-0.9928286852589638,-1.5995828988529721,1,-1.0,12,2,1.0
3857264,779,789,Argentina,Poland,2022-11-30,FIFA World Cup,win,1.577336074937171,-1.4945054945054936,0.8697501329080282,2.198260869565217,3.7001153402537486,0.8123711340206186,0.9928286852589638,1.4990629345263282,0.9928286852589638,1.5995828988529721,0,1.0,3,-2,1.0
3857265,794,789,Mexico,Poland,2022-11-22,FIFA World Cup,draw,0.8919351153758277,-1.6293040293040286,0.3338649654439131,0.01217391304347808,-0.22606689734717422,1.7072164948453599,0.24223107569721258,0.36128408197811485,0.24223107569721258,0.6402502606882172,1,2.0,7,-6,1.0
3857265,789,794,Poland,Mexico,2022-11-22,FIFA World Cup,draw,-0.8919351153758277,1.6293040293040286,-0.3338649654439131,-0.01217391304347808,0.22606689734717422,-1.7072164948453599,-0.24223107569721258,-0.36128408197811485,-0.24223107569721258,-0.6402502606882172,0,-2.0,13,6,1.0
3857266,771,776,France,Denmark,2022-11-26,FIFA World Cup,win,-0.1370801919122686,0.5626373626373631,-0.41041998936735796,0.925217391304348,0.6147635524798154,1.3113402061855666,0.38884462151394344,0.3591076718457165,0.38884462151394344,0.6527632950990615,1,-1.0,5,7,1.0
3857266,776,771,Denmark,France,2022-11-26,FIFA World Cup,loss,0.1370801919122686,-0.5626373626373631,0.41041998936735796,-0.925217391304348,-0.6147635524798154,-1.3113402061855666,-0.38884462151394344,-0.3591076718457165,-0.38884462151394344,-0.6527632950990615,0,1.0,5,-7,1.0
3857267,3565,787,Ecuador,Senegal,2022-11-29,FIFA World Cup,loss,0.819739547635367,-0.6798534798534797,1.5140882509303575,0.2330434782608694,6.317185697808536,-1.979381443298968,0.5864541832669329,-0.6333353485279002,0.5864541832669329,0.2544316996871743,1,-3.0,2,-4,1.0
3857267,787,3565,Senegal,Ecuador,2022-11-29,FIFA World Cup,win,-0.819739547635367,0.6798534798534797,-1.5140882509303575,-0.2330434782608694,-6.317185697808536,1.979381443298968,-0.5864541832669329,0.6333353485279002,-0.5864541832669329,-0.2544316996871743,0,3.0,8,4,1.0
3857268,782,1833,Belgium,Canada,2022-11-23,FIFA World Cup,win,0.16266849440255882,0.16117216117216032,-0.4486975013290805,0.14086956521739125,-0.37946943483275675,-0.6061855670103093,0.20398406374501987,-0.025875098240734973,0.20398406374501987,-0.28571428571428575,1,0.0,5,16,1.0
3857268,1833,782,Canada,Belgium,2022-11-23,FIFA World Cup,loss,-0.16266849440255882,-0.16117216117216032,0.4486975013290805,-0.14086956521739125,0.37946943483275675,0.6061855670103093,-0.20398406374501987,0.025875098240734973,-0.20398406374501987,0.28571428571428575,0,0.0,5,-16,1.0
3857269,781,773,Brazil,Switzerland,2022-11-28,FIFA World Cup,win,0.7155586017820428,-0.5978021978021976,0.046783625730994705,1.4243478260869569,6.815455594002306,0.762886597938144,0.538645418326692,1.2930294419926245,0.538645418326692,-0.15641293013555788,1,4.0,1,-8,1.0
3857269,773,781,Switzerland,Brazil,2022-11-28,FIFA World Cup,loss,-0.7155586017820428,0.5978021978021976,-0.046783625730994705,-1.4243478260869569,-6.815455594002306,-0.762886597938144,-0.538645418326692,-1.2930294419926245,-0.538645418326692,0.15641293013555788,0,-4.0,4,8,1.0
3857270,780,783,Portugal,Uruguay,2022-11-28,FIFA World Cup,win,1.1633538953621203,-0.14065934065934077,0.9441786283891549,1.0365217391304347,-1.5155709342560555,0.18556701030927802,1.3880478087649402,1.1875944622453298,1.3880478087649402,1.1449426485922838,1,-3.0,5,10,1.0
3857270,783,780,Uruguay,Portugal,2022-11-28,FIFA World Cup,loss,-1.1633538953621203,0.14065934065934077,-0.9441786283891549,-1.0365217391304347,1.5155709342560555,-0.18556701030927802,-1.3880478087649402,-1.1875944622453298,-1.3880478087649402,-1.1449426485922838,0,3.0,5,-10,1.0
3857271,768,797,England,Iran,2022-11-21,FIFA World Cup,win,2.1667809001599263,-0.594871794871795,1.3312068048910162,1.250434782608696,1.6793540945790084,-0.8123711340206186,3.290836653386452,1.7053382504080767,3.290836653386452,0.19603753910323274,1,9.0,6,20,1.0
3857271,797,768,Iran,England,2022-11-21,FIFA World Cup,loss,-2.1667809001599263,0.594871794871795,-1.3312068048910162,-1.250434782608696,-1.6793540945790084,0.8123711340206186,-3.290836653386452,-1.7053382504080767,-3.290836653386452,-0.19603753910323274,0,-9.0,9,-20,1.0
3857272,768,1839,England,United States,2022-11-25,FIFA World Cup,draw,0.1590130226182318,0.3956043956043956,-0.17862838915470503,1.4313043478260874,1.655132641291811,-1.6288659793814424,0.33306772908366555,0.1051931563992502,0.33306772908366555,1.83733055265902,1,12.0,5,22,1.0
3857272,1839,768,United States,England,2022-11-25,FIFA World Cup,draw,-0.1590130226182318,-0.3956043956043956,0.17862838915470503,-1.4313043478260874,-1.655132641291811,1.6288659793814424,-0.33306772908366555,-0.1051931563992502,-0.33306772908366555,-1.83733055265902,0,-12.0,5,-22,1.0
3857273,907,797,Wales,Iran,2022-11-25,FIFA World Cup,loss,0.8937628512679914,-0.20805860805860854,0.282828282828283,-0.27652173913043465,-0.15455594002306805,-0.7092783505154641,2.1561752988047793,0.42391632912157673,2.1561752988047793,-1.0364963503649633,1,1.0,14,1,1.0
3857273,797,907,Iran,Wales,2022-11-25,FIFA World Cup,win,-0.8937628512679914,0.20805860805860854,-0.282828282828283,0.27652173913043465,0.15455594002306805,0.7092783505154641,-2.1561752988047793,-0.42391632912157673,-2.1561752988047793,1.0364963503649633,0,-1.0,11,-1,1.0
3857274,941,3565,Netherlands,Ecuador,2022-11-25,FIFA World Cup,draw,0.048435001142334344,1.0344322344322336,-0.8718766613503464,0.6973913043478261,-4.2791234140715115,0.28865979381443263,0.6613545816733049,1.1704250045341875,0.6613545816733049,-0.8654848800834202,1,9.0,4,12,1.0
3857274,3565,941,Ecuador,Netherlands,2022-11-25,FIFA World Cup,draw,-0.048435001142334344,-1.0344322344322336,0.8718766613503464,-0.6973913043478261,4.2791234140715115,-0.28865979381443263,-0.6613545816733049,-1.1704250045341875,-0.6613545816733049,0.8654848800834202,0,-9.0,1,-12,1.0
3857275,777,771,Tunisia,France,2022-11-30,FIFA World Cup,win,-0.24948594928032863,-1.2483516483516486,0.518872939925572,-1.194782608695652,-0.6239907727797,-1.0350515463917522,-0.9003984063745021,-1.0720029018801762,-0.9003984063745021,-1.3472367049009386,1,-5.0,5,-18,1.0
3857275,771,777,France,Tunisia,2022-11-30,FIFA World Cup,loss,0.24948594928032863,1.2483516483516486,-0.518872939925572,1.194782608695652,0.6239907727797,1.0350515463917522,0.9003984063745021,1.0720029018801762,0.9003984063745021,1.3472367049009386,0,5.0,5,18,1.0
3857276,1833,788,Canada,Morocco,2022-12-01,FIFA World Cup,loss,0.9376285126799174,-0.1963369963369955,0.5954279638490171,0.14608695652173925,1.3010380622837372,0.5484536082474225,0.9099601593625479,0.8978900912883137,0.9099601593625479,-0.5401459854014599,1,-5.0,7,-7,1.0
3857276,788,1833,Morocco,Canada,2022-12-01,FIFA World Cup,win,-0.9376285126799174,0.1963369963369955,-0.5954279638490171,-0.14608695652173925,-1.3010380622837372,-0.5484536082474225,-0.9099601593625479,-0.8978900912883137,-0.9099601593625479,0.5401459854014599,0,5.0,13,7,1.0
3857277,788,785,Morocco,Croatia,2022-11-23,FIFA World Cup,draw,-1.1240575736806027,0.8087912087912081,-0.2807017543859652,-1.4591304347826088,-0.6470588235294117,-0.5731958762886591,-0.6756972111553771,-1.160510247264373,-0.6756972111553771,-0.010427528675704012,1,-3.0,13,-11,1.0
3857277,785,788,Croatia,Morocco,2022-11-23,FIFA World Cup,draw,1.1240575736806027,-0.8087912087912081,0.2807017543859652,1.4591304347826088,0.6470588235294117,0.5731958762886591,0.6756972111553771,1.160510247264373,0.6756972111553771,0.010427528675704012,0,3.0,7,11,1.0
3857278,797,1839,Iran,United States,2022-11-29,FIFA World Cup,loss,-2.0077678775416943,0.9904761904761905,-1.509835194045721,0.1808695652173913,-0.024221453287197256,-0.8164948453608238,-2.957768924302787,-1.6001450940088264,-2.957768924302787,1.6412930135557873,1,5.0,9,2,1.0
3857278,1839,797,United States,Iran,2022-11-29,FIFA World Cup,win,2.0077678775416943,-0.9904761904761905,1.509835194045721,-0.1808695652173913,0.024221453287197256,0.8164948453608238,2.957768924302787,1.6001450940088264,2.957768924302787,-1.6412930135557873,0,-5.0,6,-2,1.0
3857279,771,792,France,Australia,2022-11-22,FIFA World Cup,win,0.7064199223212242,-0.3164835164835154,-0.42530568846358346,1.9478260869565216,0.9873125720876587,1.534020618556701,1.0613545816733052,1.1140801644398763,1.0613545816733052,0.7299270072992701,1,8.0,7,17,1.0
3857279,792,771,Australia,France,2022-11-22,FIFA World Cup,loss,-0.7064199223212242,0.3164835164835154,0.42530568846358346,-1.9478260869565216,-0.9873125720876587,-1.534020618556701,-1.0613545816733052,-1.1140801644398763,-1.0613545816733052,-0.7299270072992701,0,-8.0,13,-17,1.0
3857280,2722,781,Cameroon,Brazil,2022-12-02,FIFA World Cup,win,-1.500571167466301,1.0490842490842485,0.3359914938862305,-2.735652173913044,-7.4209919261822375,-0.5896907216494842,-1.5394422310756952,-1.6879269693488905,-1.5394422310756952,-0.8091762252346194,1,-11.0,12,-7,1.0
3857280,781,2722,Brazil,Cameroon,2022-12-02,FIFA World Cup,loss,1.500571167466301,-1.0490842490842485,-0.3359914938862305,2.735652173913044,7.4209919261822375,0.5896907216494842,1.5394422310756952,1.6879269693488905,1.5394422310756952,0.8091762252346194,0,11.0,3,7,1.0
3857281,785,1833,Croatia,Canada,2022-11-27,FIFA World Cup,win,0.18642906100068524,-0.6124542124542126,-0.3147262094630519,1.3130434782608695,-0.6539792387543254,0.024742268041236554,-0.23426294820717086,0.2626201559760594,-0.23426294820717086,0.5505735140771638,1,5.0,5,18,1.0
3857281,1833,785,Canada,Croatia,2022-11-27,FIFA World Cup,loss,-0.18642906100068524,0.6124542124542126,0.3147262094630519,-1.3130434782608695,0.6539792387543254,-0.024742268041236554,0.23426294820717086,-0.2626201559760594,0.23426294820717086,-0.5505735140771638,0,-5.0,5,-18,1.0
3857282,1839,907,United States,Wales,2022-11-21,FIFA World Cup,draw,1.114005026273703,-0.7824175824175821,1.2270069112174382,0.09565217391304337,0.17877739331026532,1.525773195876288,0.8015936254980074,1.1762287648872496,0.8015936254980074,-0.6047966631908238,1,0.0,7,-3,1.0
3857282,907,1839,Wales,United States,2022-11-21,FIFA World Cup,draw,-1.114005026273703,0.7824175824175821,-1.2270069112174382,-0.09565217391304337,-0.17877739331026532,-1.525773195876288,-0.8015936254980074,-1.1762287648872496,-0.8015936254980074,0.6047966631908238,0,0.0,13,3,1.0
3857283,782,788,Belgium,Morocco,2022-11-27,FIFA World Cup,loss,1.1002970070824762,-0.03516483516483518,0.14673046251993657,0.2869565217391305,0.9215686274509803,-0.05773195876288684,1.1139442231075678,0.8720149930475787,1.1139442231075678,-0.8258602711157456,1,10.0,7,9,1.0
3857283,788,782,Morocco,Belgium,2022-11-27,FIFA World Cup,win,-1.1002970070824762,0.03516483516483518,-0.14673046251993657,-0.2869565217391305,-0.9215686274509803,0.05773195876288684,-1.1139442231075678,-0.8720149930475787,-1.1139442231075678,0.8258602711157456,0,-10.0,13,-9,1.0
3857284,770,778,Germany,Japan,2022-11-23,FIFA World Cup,loss,1.8176833447566823,-1.6058608058608064,1.8458266879319525,0.7408695652173912,3.046136101499423,0.6762886597938145,1.3274900398406382,2.4049331963001026,1.3274900398406382,-0.28571428571428575,1,0.0,3,7,1.0
3857284,778,770,Japan,Germany,2022-11-23,FIFA World Cup,win,-1.8176833447566823,1.6058608058608064,-1.8458266879319525,-0.7408695652173912,-3.046136101499423,-0.6762886597938145,-1.3274900398406382,-2.4049331963001026,-1.3274900398406382,0.28571428571428575,0,0.0,12,-7,1.0
3857285,787,941,Senegal,Netherlands,2022-11-21,FIFA World Cup,loss,-0.8681745487777014,-0.3545787545787539,-0.642211589580011,-0.9304347826086956,-2.038062283737024,1.6907216494845354,-1.2478087649402376,-0.5370896560062872,-1.2478087649402376,0.6110531803962459,1,-5.0,9,-8,1.0
3857285,941,787,Netherlands,Senegal,2022-11-21,FIFA World Cup,win,0.8681745487777014,0.3545787545787539,0.642211589580011,0.9304347826086956,2.038062283737024,-1.6907216494845354,1.2478087649402376,0.5370896560062872,1.2478087649402376,-0.6110531803962459,0,5.0,6,8,1.0
3857286,3566,3565,Qatar,Ecuador,2022-11-20,FIFA World Cup,loss,-0.8809687000228466,3.173626373626374,-1.3056884635832013,-1.391304347826087,-7.219146482122261,0.37938144329896895,0.2422310756972103,-0.10495133305120619,0.2422310756972103,-1.9311783107403544,1,0.0,12,0,1.0
3857286,3565,3566,Ecuador,Qatar,2022-11-20,FIFA World Cup,win,0.8809687000228466,-3.173626373626374,1.3056884635832013,1.391304347826087,7.219146482122261,-0.37938144329896895,-0.2422310756972103,0.10495133305120619,-0.2422310756972103,1.9311783107403544,0,0.0,3,0,1.0
3857287,783,791,Uruguay,South Korea,2022-11-24,FIFA World Cup,draw,0.29609321453050047,-0.2637362637362639,0.14460393407761907,0.676521739130435,3.544405997693195,0.012371134020619012,-0.3011952191235058,-0.22803941720573132,-0.3011952191235058,0.6152241918665275,1,9.0,7,1,1.0
3857287,791,783,South Korea,Uruguay,2022-11-24,FIFA World Cup,draw,-0.29609321453050047,0.2637362637362639,-0.14460393407761907,-0.676521739130435,-3.544405997693195,-0.012371134020619012,0.3011952191235058,0.22803941720573132,0.3011952191235058,-0.6152241918665275,0,-9.0,13,-1,1.0
3857288,777,792,Tunisia,Australia,2022-11-26,FIFA World Cup,loss,0.4569339730408955,-1.5648351648351642,0.09356725146198865,0.7530434782608697,0.3633217993079587,0.4989690721649487,0.16095617529880318,0.04207726255970001,0.16095617529880318,-0.6173096976016685,1,3.0,7,-1,1.0
3857288,792,777,Australia,Tunisia,2022-11-26,FIFA World Cup,win,-0.4569339730408955,1.5648351648351642,-0.09356725146198865,-0.7530434782608697,-0.3633217993079587,-0.4989690721649487,-0.16095617529880318,-0.04207726255970001,-0.16095617529880318,0.6173096976016685,0,-3.0,13,1,1.0
3857289,779,794,Argentina,Mexico,2022-11-26,FIFA World Cup,win,0.6854009595613433,0.13479853479853499,0.5358851674641151,2.186086956521739,3.9261822376009228,-0.8948453608247413,0.7505976095617514,1.1377788525482133,0.7505976095617514,0.9593326381647549,1,-3.0,1,4,1.0
3857289,794,779,Mexico,Argentina,2022-11-26,FIFA World Cup,loss,-0.6854009595613433,-0.13479853479853499,-0.5358851674641151,-2.186086956521739,-3.9261822376009228,0.8948453608247413,-0.7505976095617514,-1.1377788525482133,-0.7505976095617514,-0.9593326381647549,0,3.0,4,-4,1.0
3857290,773,2722,Switzerland,Cameroon,2022-11-24,FIFA World Cup,win,0.7850125656842581,-0.45128205128205096,-0.3827751196172252,1.311304347826087,0.6055363321799307,-0.17319587628865968,1.0007968127490032,0.39489752735626615,1.0007968127490032,0.9655891553701773,1,0.0,7,15,1.0
3857290,2722,773,Cameroon,Switzerland,2022-11-24,FIFA World Cup,loss,-0.7850125656842581,0.45128205128205096,0.3827751196172252,-1.311304347826087,-0.6055363321799307,0.17319587628865968,-1.0007968127490032,-0.39489752735626615,-1.0007968127490032,-0.9655891553701773,0,0.0,13,-15,1.0
3857291,772,795,Spain,Costa Rica,2022-11-23,FIFA World Cup,win,3.13822252684487,-3.7597069597069597,2.0839978734715587,3.2313043478260868,5.3033448673587085,1.02680412371134,2.1992031872509936,3.5806783144912635,2.1992031872509936,1.299270072992701,1,8.0,3,15,1.0
3857291,795,772,Costa Rica,Spain,2022-11-23,FIFA World Cup,loss,-3.13822252684487,3.7597069597069597,-2.0839978734715587,-3.2313043478260868,-5.3033448673587085,-1.02680412371134,-2.1992031872509936,-3.5806783144912635,-2.1992031872509936,-1.299270072992701,0,-8.0,12,-15,1.0
3857292,795,770,Costa Rica,Germany,2022-12-01,FIFA World Cup,loss,-2.6803746858578927,3.308424908424908,-1.7628920786815536,-2.3756521739130436,-4.253748558246828,-1.521649484536082,-1.8900398406374483,-3.2525240311952115,-1.8900398406374483,-0.8342022940563087,1,-1.0,12,-9,1.0
3857292,770,795,Germany,Costa Rica,2022-12-01,FIFA World Cup,win,2.6803746858578927,-3.308424908424908,1.7628920786815536,2.3756521739130436,4.253748558246828,1.521649484536082,1.8900398406374483,3.2525240311952115,1.8900398406374483,0.8342022940563087,0,1.0,3,9,1.0
3857293,4885,783,Ghana,Uruguay,2022-12-02,FIFA World Cup,loss,-0.3381311400502623,0.3018315018315017,0.7081339712918662,-0.3756521739130435,-3.5963091118800463,0.1690721649484529,0.42231075697211207,-0.6367208754005198,0.42231075697211207,-0.6569343065693429,1,-4.0,13,-5,1.0
3857293,783,4885,Uruguay,Ghana,2022-12-02,FIFA World Cup,win,0.3381311400502623,-0.3018315018315017,-0.7081339712918662,0.3756521739130435,3.5963091118800463,-0.1690721649484529,-0.42231075697211207,0.6367208754005198,-0.42231075697211207,0.6569343065693429,0,4.0,7,5,1.0
3857294,941,3566,Netherlands,Qatar,2022-11-29,FIFA World Cup,win,0.9294037011651809,-2.13919413919414,0.433811802232855,2.088695652173913,2.94002306805075,-0.09072164948453632,0.41912350597609455,1.2753763375853935,0.41912350597609455,1.0656934306569343,1,10.0,7,12,1.0
3857294,3566,941,Qatar,Netherlands,2022-11-29,FIFA World Cup,loss,-0.9294037011651809,2.13919413919414,-0.433811802232855,-2.088695652173913,-2.94002306805075,0.09072164948453632,-0.41912350597609455,-1.2753763375853935,-0.41912350597609455,-1.0656934306569343,0,-10.0,13,-12,1.0
3857295,778,795,Japan,Costa Rica,2022-11-27,FIFA World Cup,loss,0.8626913411012105,-1.7025641025641023,-0.08293460925039897,1.6347826086956525,1.2076124567474047,0.8453608247422674,0.5625498007968102,0.8475908348951089,0.5625498007968102,1.1199165797705946,1,6.0,15,2,1.0
3857295,795,778,Costa Rica,Japan,2022-11-27,FIFA World Cup,win,-0.8626913411012105,1.7025641025641023,0.08293460925039897,-1.6347826086956525,-1.2076124567474047,-0.8453608247422674,-0.5625498007968102,-0.8475908348951089,-0.5625498007968102,-1.1199165797705946,0,-6.0,15,-2,1.0
3857296,785,782,Croatia,Belgium,2022-12-01,FIFA World Cup,draw,0.02376056659812642,-0.7736263736263729,0.13397129186602857,1.1721739130434783,-0.27450980392156865,0.6309278350515459,-0.43824701195219073,0.2884952542167944,-0.43824701195219073,0.8362877997914495,1,-1.0,5,2,1.0
3857296,782,785,Belgium,Croatia,2022-12-01,FIFA World Cup,draw,-0.02376056659812642,0.7736263736263729,-0.13397129186602857,-1.1721739130434783,0.27450980392156865,-0.6309278350515459,0.43824701195219073,-0.2884952542167944,0.43824701195219073,-0.8362877997914495,0,1.0,5,-2,1.0
3857297,789,799,Poland,Saudi Arabia,2022-11-26,FIFA World Cup,win,-0.7914096413068306,1.3098901098901092,0.006379585326954013,0.18782608695652192,0.4186851211072664,-0.7587628865979379,-0.0031872509960175766,-1.082159482498035,-0.0031872509960175766,-0.6944734098018771,1,-1.0,13,7,1.0
3857297,799,789,Saudi Arabia,Poland,2022-11-26,FIFA World Cup,loss,0.7914096413068306,-1.3098901098901092,-0.006379585326954013,-0.18782608695652192,-0.4186851211072664,0.7587628865979379,0.0031872509960175766,1.082159482498035,0.0031872509960175766,0.6944734098018771,0,1.0,7,-7,1.0
3857298,780,4885,Portugal,Ghana,2022-11-24,FIFA World Cup,win,1.5014850354123825,-0.4424908424908425,0.23604465709728872,1.4121739130434783,2.080738177623991,0.016494845360825128,0.9657370517928282,1.8243153376458499,0.9657370517928282,1.8018769551616267,1,0.0,7,15,1.0
3857298,4885,780,Ghana,Portugal,2022-11-24,FIFA World Cup,loss,-1.5014850354123825,0.4424908424908425,-0.23604465709728872,-1.4121739130434783,-2.080738177623991,-0.016494845360825128,-0.9657370517928282,-1.8243153376458499,-0.9657370517928282,-1.8018769551616267,0,0.0,13,-15,1.0
3857299,791,4885,South Korea,Ghana,2022-11-28,FIFA World Cup,loss,0.04203792551976182,-0.03809523809523779,-0.8527379053694852,-0.3008695652173916,0.05190311418685123,-0.1814432989690719,-0.12111553784860629,0.8647602926062512,-0.12111553784860629,0.041710114702815326,1,4.0,15,4,1.0
3857299,4885,791,Ghana,South Korea,2022-11-28,FIFA World Cup,win,-0.04203792551976182,0.03809523809523779,0.8527379053694852,0.3008695652173916,-0.05190311418685123,0.1814432989690719,0.12111553784860629,-0.8647602926062512,0.12111553784860629,-0.041710114702815326,0,-4.0,15,-4,1.0
3857300,779,799,Argentina,Saudi Arabia,2022-11-22,FIFA World Cup,loss,0.7859264336303404,-0.1846153846153844,0.8761297182349821,2.3860869565217393,4.118800461361015,0.05360824742268072,0.9896414342629463,0.41690345202829315,0.9896414342629463,0.905109489051095,1,1.0,1,5,1.0
3857300,799,779,Saudi Arabia,Argentina,2022-11-22,FIFA World Cup,win,-0.7859264336303404,0.1846153846153844,-0.8761297182349821,-2.3860869565217393,-4.118800461361015,-0.05360824742268072,-0.9896414342629463,-0.41690345202829315,-0.9896414342629463,-0.905109489051095,0,-1.0,4,-5,1.0
3857301,3566,787,Qatar,Senegal,2022-11-25,FIFA World Cup,loss,-0.0612291523874795,2.493772893772894,0.20839978734715603,-1.1582608695652177,-0.9019607843137255,-1.5999999999999992,0.8286852589641431,-0.7382866815791064,0.8286852589641431,-1.6767466110531801,1,-4.0,14,-4,1.0
3857301,787,3566,Senegal,Qatar,2022-11-25,FIFA World Cup,win,0.0612291523874795,-2.493772893772894,-0.20839978734715603,1.1582608695652177,0.9019607843137255,1.5999999999999992,-0.8286852589641431,0.7382866815791064,-0.8286852589641431,1.6767466110531801,0,4.0,11,4,1.0
3869117,941,1839,Netherlands,United States,2022-12-03,FIFA World Cup,win,-0.032899246058944454,0.48937728937728875,-0.8442317916002129,1.191304347826087,2.348327566320646,-1.4226804123711334,0.14661354581673325,-0.08294540837917919,0.14661354581673325,0.6319082377476538,1,5.0,5,11,1.0
3869117,1839,941,United States,Netherlands,2022-12-03,FIFA World Cup,loss,0.032899246058944454,-0.48937728937728875,0.8442317916002129,-1.191304347826087,-2.348327566320646,1.4226804123711334,-0.14661354581673325,0.08294540837917919,-0.14661354581673325,-0.6319082377476538,0,-5.0,5,-11,1.0
3869118,768,787,England,Senegal,2022-12-04,FIFA World Cup,win,1.0600868174548777,0.2608058608058607,1.3078149920255189,1.1704347826086958,1.3448673587081894,-1.8969072164948446,1.43426294820717,0.7252282207847166,1.43426294820717,0.5943691345151202,1,4.0,6,19,1.0
3869118,787,768,Senegal,England,2022-12-04,FIFA World Cup,loss,-1.0600868174548777,-0.2608058608058607,-1.3078149920255189,-1.1704347826086958,-1.3448673587081894,1.8969072164948446,-1.43426294820717,-0.7252282207847166,-1.43426294820717,-0.5943691345151202,0,-4.0,9,-19,1.0
3869151,779,792,Argentina,Australia,2022-12-03,FIFA World Cup,win,1.6294265478638332,-1.8139194139194128,1.059011164274323,2.812173913043478,3.6782006920415227,1.3278350515463917,1.1059760956175286,1.5109122785804965,1.1059760956175286,1.562043795620438,1,2.0,3,4,1.0
3869151,792,779,Australia,Argentina,2022-12-03,FIFA World Cup,loss,-1.6294265478638332,1.8139194139194128,-1.059011164274323,-2.812173913043478,-3.6782006920415227,-1.3278350515463917,-1.1059760956175286,-1.5109122785804965,-1.1059760956175286,-1.562043795620438,0,-2.0,12,-4,1.0
3869152,771,789,France,Poland,2022-12-04,FIFA World Cup,win,0.654329449394562,0.002930402930403919,-0.6145667198298782,1.333913043478261,1.0092272202998847,1.0185567010309278,0.9482071713147406,1.102230820385708,0.9482071713147406,0.7674661105318041,1,3.0,7,11,1.0
3869152,789,771,Poland,France,2022-12-04,FIFA World Cup,loss,-0.654329449394562,-0.002930402930403919,0.6145667198298782,-1.333913043478261,-1.0092272202998847,-1.0185567010309278,-0.9482071713147406,-1.102230820385708,-0.9482071713147406,-0.7674661105318041,0,-3.0,13,-11,1.0
3869219,778,785,Japan,Croatia,2022-12-05,FIFA World Cup,draw,-0.9632168151702076,1.0578754578754583,-1.2014885699096234,-0.9234782608695652,-0.21799307958477515,-0.1731958762886597,-0.6247011952191233,-0.7087842331177074,-0.6247011952191233,-0.31699687174139735,1,-2.0,13,-13,1.0
3869219,785,778,Croatia,Japan,2022-12-05,FIFA World Cup,draw,0.9632168151702076,-1.0578754578754583,1.2014885699096234,0.9234782608695652,0.21799307958477515,0.1731958762886597,0.6247011952191233,0.7087842331177074,0.6247011952191233,0.31699687174139735,0,2.0,7,13,1.0
3869220,788,772,Morocco,Spain,2022-12-06,FIFA World Cup,draw,-2.436371944254055,1.808058608058607,-1.2461456671982996,-2.132173913043478,-4.52479815455594,-0.5814432989690721,-1.6876494023904374,-3.18481349374282,-1.6876494023904374,0.12721584984358691,1,2.0,12,-11,1.0
3869220,772,788,Spain,Morocco,2022-12-06,FIFA World Cup,draw,2.436371944254055,-1.808058608058607,1.2461456671982996,2.132173913043478,4.52479815455594,0.5814432989690721,1.6876494023904374,3.18481349374282,1.6876494023904374,-0.12721584984358691,0,-2.0,3,11,1.0
3869253,781,791,Brazil,South Korea,2022-12-05,FIFA World Cup,win,1.3351610692254972,-0.5831501831501832,0.8591174906964392,2.869565217391305,7.252595155709342,0.71340206185567,1.2143426294820714,1.1213348648812043,1.2143426294820714,0.5297184567257561,1,2.0,3,3,1.0
3869253,791,781,South Korea,Brazil,2022-12-05,FIFA World Cup,loss,-1.3351610692254972,0.5831501831501832,-0.8591174906964392,-2.869565217391305,-7.252595155709342,-0.71340206185567,-1.2143426294820714,-1.1213348648812043,-1.2143426294820714,-0.5297184567257561,0,-2.0,12,-3,1.0
3869254,780,773,Portugal,Switzerland,2022-12-06,FIFA World Cup,win,0.8398446424491663,-0.41904761904761906,0.2764486975013294,0.26782608695652166,1.591695501730104,0.24742268041237092,0.4111553784860551,1.1312496221510189,0.4111553784860551,1.0740354535974972,1,-1.0,5,0,1.0
3869254,773,780,Switzerland,Portugal,2022-12-06,FIFA World Cup,loss,-0.8398446424491663,0.41904761904761906,-0.2764486975013294,-0.26782608695652166,-1.591695501730104,-0.24742268041237092,-0.4111553784860551,-1.1312496221510189,-0.4111553784860551,-1.0740354535974972,0,1.0,5,0,1.0
3869321,941,779,Netherlands,Argentina,2022-12-09,FIFA World Cup,draw,-0.6936257710760797,1.2366300366300356,-1.3141945773524728,-1.2991304347826085,-1.552479815455594,-1.030927835051546,-0.03187250996015978,-0.6732362009552022,-0.03187250996015978,-1.6934306569343067,1,1.0,4,4,1.0
3869321,779,941,Argentina,Netherlands,2022-12-09,FIFA World Cup,draw,0.6936257710760797,-1.2366300366300356,1.3141945773524728,1.2991304347826085,1.552479815455594,1.030927835051546,0.03187250996015978,0.6732362009552022,0.03187250996015978,1.6934306569343067,0,-1.0,1,-4,1.0
3869354,768,771,England,France,2022-12-10,FIFA World Cup,loss,0.4212931231437056,-0.35457875457875515,0.8357256778309414,-0.1947826086956519,0.44521337946943507,-1.4432989690721647,0.19920318725099584,-0.08826552203615268,0.19920318725099584,0.34410844629822734,1,1.0,5,2,1.0
3869354,771,768,France,England,2022-12-10,FIFA World Cup,win,-0.4212931231437056,0.35457875457875515,-0.8357256778309414,0.1947826086956519,-0.44521337946943507,1.4432989690721647,-0.19920318725099584,0.08826552203615268,-0.19920318725099584,-0.34410844629822734,0,-1.0,5,-2,1.0
3869420,785,781,Croatia,Brazil,2022-12-09,FIFA World Cup,draw,-0.3180260452364636,0.01758241758241752,-0.2530568846358325,-0.9217391304347831,-6.26874279123414,-0.6020618556701032,-0.5593625498007971,-0.8369506075811621,-0.5593625498007971,0.39207507820646503,1,-3.0,4,11,1.0
3869420,781,785,Brazil,Croatia,2022-12-09,FIFA World Cup,draw,0.3180260452364636,-0.01758241758241752,0.2530568846358325,0.9217391304347831,6.26874279123414,0.6020618556701032,0.5593625498007971,0.8369506075811621,0.5593625498007971,-0.39207507820646503,0,3.0,1,-11,1.0
3869486,788,780,Morocco,Portugal,2022-12-10,FIFA World Cup,win,-1.5663696595841898,0.6476190476190471,-0.7634237107921323,-1.2243478260869567,-1.6920415224913496,-0.6597938144329893,-1.1075697211155373,-1.8356810350039297,-1.1075697211155373,-0.8488008342022941,1,0.0,13,-8,1.0
3869486,780,788,Portugal,Morocco,2022-12-10,FIFA World Cup,loss,1.5663696595841898,-0.6476190476190471,0.7634237107921323,1.2243478260869567,1.6920415224913496,0.6597938144329893,1.1075697211155373,1.8356810350039297,1.1075697211155373,0.8488008342022941,0,0.0,7,8,1.0
3869519,779,785,Argentina,Croatia,2022-12-13,FIFA World Cup,win,0.5803061457619374,-0.5098901098901095,0.7442849548112711,0.612173913043478,3.1972318339100347,0.11958762886597973,0.2406374501992038,0.5736049815609696,0.2406374501992038,1.023983315954119,1,3.0,1,-10,1.0
3869519,785,779,Croatia,Argentina,2022-12-13,FIFA World Cup,loss,-0.5803061457619374,0.5098901098901095,-0.7442849548112711,-0.612173913043478,-3.1972318339100347,-0.11958762886597973,-0.2406374501992038,-0.5736049815609696,-0.2406374501992038,-1.023983315954119,0,-3.0,4,10,1.0
3869552,771,788,France,Morocco,2022-12-14,FIFA World Cup,win,0.781357093899931,0.17875457875457987,-0.45933014354067014,1.2069565217391305,1.1534025374855825,0.8989690721649481,0.8717131474103575,1.3372831146847224,0.8717131474103575,0.20229405630865505,1,1.0,7,14,1.0
3869552,788,771,Morocco,France,2022-12-14,FIFA World Cup,loss,-0.781357093899931,-0.17875457875457987,0.45933014354067014,-1.2069565217391305,-1.1534025374855825,-0.8989690721649481,-0.8717131474103575,-1.3372831146847224,-0.8717131474103575,-0.20229405630865505,0,-1.0,13,-14,1.0
3869684,785,788,Croatia,Morocco,2022-12-17,FIFA World Cup,win,1.1240575736806027,-0.8087912087912081,0.2807017543859652,1.4591304347826088,0.6470588235294117,0.5731958762886591,0.6756972111553771,1.160510247264373,0.6756972111553771,0.010427528675704012,1,-4.0,7,11,1.0
3869684,788,785,Morocco,Croatia,2022-12-17,FIFA World Cup,loss,-1.1240575736806027,0.8087912087912081,-0.2807017543859652,-1.4591304347826088,-0.6470588235294117,-0.5731958762886591,-0.6756972111553771,-1.160510247264373,-0.6756972111553771,-0.010427528675704012,0,4.0,13,-11,1.0
3869685,779,771,Argentina,France,2022-12-18,FIFA World Cup,draw,0.923006625542609,-1.4974358974358974,1.4843168527379063,0.8643478260869564,2.690888119953864,-0.20618556701030927,0.04462151394422331,0.39683211414062014,0.04462151394422331,0.832116788321168,1,1.0,1,-13,1.0
3869685,771,779,France,Argentina,2022-12-18,FIFA World Cup,draw,-0.923006625542609,1.4974358974358974,-1.4843168527379063,-0.8643478260869564,-2.690888119953864,0.20618556701030927,-0.04462151394422331,-0.39683211414062014,-0.04462151394422331,-0.832116788321168,0,-1.0,4,13,1.0
3930158,770,942,Germany,Scotland,2024-06-14,UEFA Euro,win,1.887137308658898,-1.034432234432234,1.2014885699096238,2.0765217391304347,3.6239907727797,1.925773195876288,1.4980079681274896,2.9420228523063896,1.4980079681274896,1.132429614181439,1,4.0,3,9,0.8
3930158,942,770,Scotland,Germany,2024-06-14,UEFA Euro,loss,-1.887137308658898,1.034432234432234,-1.2014885699096238,-2.0765217391304347,-3.6239907727797,-1.925773195876288,-1.4980079681274896,-2.9420228523063896,-1.4980079681274896,-1.132429614181439,0,-4.0,12,-9,0.8
3930159,916,773,Hungary,Switzerland,2024-06-15,UEFA Euro,loss,-1.3826822024217493,1.0256410256410258,-1.1823498139287618,-1.7147826086956524,0.15340253748558247,-0.6144329896907215,-1.034262948207172,-1.350099752131068,-1.034262948207172,-0.5484880083420232,1,-5.0,13,-12,0.8
3930159,773,916,Switzerland,Hungary,2024-06-15,UEFA Euro,win,1.3826822024217493,-1.0256410256410258,1.1823498139287618,1.7147826086956524,-0.15340253748558247,0.6144329896907215,1.034262948207172,1.350099752131068,1.034262948207172,0.5484880083420232,0,5.0,7,12,0.8
3930160,772,785,Spain,Croatia,2024-06-15,UEFA Euro,win,1.312314370573452,-0.9992673992673989,0.9654439128123344,0.6730434782608694,3.877739331026528,0.008247422680412952,1.0119521912350602,2.024303246478447,1.0119521912350602,-0.13764337851929093,1,0.0,1,0,0.8
3930160,785,772,Croatia,Spain,2024-06-15,UEFA Euro,loss,-1.312314370573452,0.9992673992673989,-0.9654439128123344,-0.6730434782608694,-3.877739331026528,-0.008247422680412952,-1.0119521912350602,-2.024303246478447,-1.0119521912350602,0.13764337851929093,0,0.0,4,0,0.8
3930161,914,906,Italy,Albania,2024-06-15,UEFA Euro,win,1.7838702307516563,-2.663736263736264,1.32695374800638,2.0921739130434784,2.8650519031141872,1.422680412371134,0.8382470119521914,2.3360135421074903,0.8382470119521914,1.3993743482794578,1,0.0,7,8,0.8
3930161,906,914,Albania,Italy,2024-06-15,UEFA Euro,loss,-1.7838702307516563,2.663736263736264,-1.32695374800638,-2.0921739130434784,-2.8650519031141872,-1.422680412371134,-0.8382470119521914,-2.3360135421074903,-0.8382470119521914,-1.3993743482794578,0,0.0,13,-8,0.8
3930162,944,776,Slovenia,Denmark,2024-06-16,UEFA Euro,draw,-1.835046835732236,0.9904761904761905,-1.0866560340244558,0.08521739130434808,-0.9584775086505191,0.6927835051546388,-1.4661354581673298,-1.297382262257421,-1.4661354581673298,0.32950990615224196,1,0.0,9,-13,0.8
3930162,776,944,Denmark,Slovenia,2024-06-16,UEFA Euro,draw,1.835046835732236,-0.9904761904761905,1.0866560340244558,-0.08521739130434808,0.9584775086505191,-0.6927835051546388,1.4661354581673298,1.297382262257421,1.4661354581673298,-0.32950990615224196,0,0.0,6,13,0.8
3930163,786,768,Serbia,England,2024-06-16,UEFA Euro,loss,-0.6735206762622797,-0.2783882783882783,-0.1935140882509305,-1.3634782608695655,-1.760092272202999,1.6783505154639173,-0.8780876494023904,-0.6708179674747595,-0.8780876494023904,-1.9228362877997915,1,-9.0,5,-17,0.8
3930163,768,786,England,Serbia,2024-06-16,UEFA Euro,win,0.6735206762622797,0.2783882783882783,0.1935140882509305,1.3634782608695655,1.760092272202999,-1.6783505154639173,0.8780876494023904,0.6708179674747595,0.8780876494023904,1.9228362877997915,0,9.0,5,17,0.8
3930164,782,908,Belgium,Slovakia,2024-06-17,UEFA Euro,loss,0.7374914324880053,-0.24615384615384633,0.2296650717703355,1.2139130434782612,1.5847750865051902,1.3072164948453604,0.5641434262948188,0.8354996674928965,0.5641434262948188,0.2440041710114702,1,4.0,7,12,0.8
3930164,908,782,Slovakia,Belgium,2024-06-17,UEFA Euro,win,-0.7374914324880053,0.24615384615384633,-0.2296650717703355,-1.2139130434782612,-1.5847750865051902,-1.3072164948453604,-0.5641434262948188,-0.8354996674928965,-0.5641434262948188,-0.2440041710114702,0,-4.0,13,-12,0.8
3930165,915,771,Austria,France,2024-06-17,UEFA Euro,loss,0.21110349554489394,-1.7260073260073263,0.3615098351940458,-1.0591304347826087,-0.7093425605536332,-0.05360824742268078,-0.33944223107569615,-0.21764101323982832,-0.33944223107569615,-1.4661105318039627,1,-4.0,5,-16,0.8
3930165,771,915,France,Austria,2024-06-17,UEFA Euro,win,-0.21110349554489394,1.7260073260073263,-0.3615098351940458,1.0591304347826087,0.7093425605536332,0.05360824742268078,0.33944223107569615,0.21764101323982832,0.33944223107569615,1.4661105318039627,0,4.0,5,16,0.8
3930166,780,912,Portugal,Czech Republic,2024-06-18,UEFA Euro,win,1.3022618231665521,0.161172161172161,1.1164274322169065,1.151304347826087,1.5490196078431375,-0.40412371134020625,1.7035856573705161,1.2722326340608188,1.7035856573705161,1.8832116788321167,1,2.0,6,10,0.8
3930166,912,780,Czech Republic,Portugal,2024-06-18,UEFA Euro,loss,-1.3022618231665521,-0.161172161172161,-1.1164274322169065,-1.151304347826087,-1.5490196078431375,0.40412371134020625,-1.7035856573705161,-1.2722326340608188,-1.7035856573705161,-1.8832116788321167,0,-2.0,9,-10,0.8
3930167,785,906,Croatia,Albania,2024-06-19,UEFA Euro,draw,1.80123372172721,-3.484249084249084,1.2503987240829353,2.325217391304348,1.2652825836216839,2.0288659793814428,0.2517928286852585,1.7778852548213526,0.2517928286852585,0.8654848800834203,1,5.0,7,18,0.8
3930167,906,785,Albania,Croatia,2024-06-19,UEFA Euro,draw,-1.80123372172721,3.484249084249084,-1.2503987240829353,-2.325217391304348,-1.2652825836216839,-2.0288659793814428,-0.2517928286852585,-1.7778852548213526,-0.2517928286852585,-0.8654848800834203,0,-5.0,13,-18,0.8
3930168,770,916,Germany,Hungary,2024-06-19,UEFA Euro,win,2.634681288553803,-2.1538461538461537,1.6204146730462532,2.034782608695652,3.2214532871972317,1.278350515463917,1.7163346613545818,3.5023275497249253,1.7163346613545818,0.18143899895724716,1,5.0,3,9,0.8
3930168,916,770,Hungary,Germany,2024-06-19,UEFA Euro,loss,-2.634681288553803,2.1538461538461537,-1.6204146730462532,-2.034782608695652,-3.2214532871972317,-1.278350515463917,-1.7163346613545818,-3.5023275497249253,-1.7163346613545818,-0.18143899895724716,0,-5.0,12,-9,0.8
3930169,942,773,Scotland,Switzerland,2024-06-19,UEFA Euro,draw,-0.6351382225268443,-0.09377289377289383,-0.7634237107921323,-1.7565217391304349,-0.24913494809688577,-1.2618556701030927,-0.8159362549800797,-0.7897950547125323,-0.8159362549800797,-1.499478623566215,1,-8.0,13,-12,0.8
3930169,773,942,Switzerland,Scotland,2024-06-19,UEFA Euro,draw,0.6351382225268443,0.09377289377289383,0.7634237107921323,1.7565217391304349,0.24913494809688577,1.2618556701030927,0.8159362549800797,0.7897950547125323,0.8159362549800797,1.499478623566215,0,8.0,7,12,0.8
3930170,944,786,Slovenia,Serbia,2024-06-20,UEFA Euro,draw,-1.4457390907013934,1.060805860805861,-1.3184476342371088,0.7182608695652175,-0.25836216839677045,-0.8536082474226804,-1.1760956175298787,-0.8974064445922252,-1.1760956175298787,1.2554744525547445,1,0.0,9,-5,0.8
3930170,786,944,Serbia,Slovenia,2024-06-20,UEFA Euro,draw,1.4457390907013934,-1.060805860805861,1.3184476342371088,-0.7182608695652175,0.25836216839677045,0.8536082474226804,1.1760956175298787,0.8974064445922252,1.1760956175298787,-1.2554744525547445,0,0.0,6,5,0.8
3930171,776,768,Denmark,England,2024-06-20,UEFA Euro,draw,-0.284212931231437,-0.20805860805860787,-0.42530568846358346,-0.7304347826086961,-1.0599769319492505,0.13195876288659802,-0.5880478087649392,-0.27084214980956384,-0.5880478087649392,-0.9968717413972888,1,-8.0,5,-9,0.8
3930171,768,776,England,Denmark,2024-06-20,UEFA Euro,draw,0.284212931231437,0.20805860805860787,0.42530568846358346,0.7304347826086961,1.0599769319492505,-0.13195876288659802,0.5880478087649392,0.27084214980956384,0.5880478087649392,0.9968717413972888,0,8.0,5,9,0.8
3930172,772,914,Spain,Italy,2024-06-20,UEFA Euro,win,1.3296778615490057,-1.8197802197802189,0.8888888888888895,0.9060869565217389,2.277970011534025,0.6144329896907216,0.4254980079681274,1.4661749591923094,0.4254980079681274,-0.6715328467153285,1,-3.0,1,10,0.8
3930172,914,772,Italy,Spain,2024-06-20,UEFA Euro,loss,-1.3296778615490057,1.8197802197802189,-0.8888888888888895,-0.9060869565217389,-2.277970011534025,-0.6144329896907216,-0.4254980079681274,-1.4661749591923094,-0.4254980079681274,0.6715328467153285,0,3.0,4,-10,0.8
3930173,941,771,Netherlands,France,2024-06-21,UEFA Euro,draw,0.22938085446652934,-0.260805860805862,0.17012227538543354,-0.4347826086956522,1.13840830449827,-1.2371134020618553,0.012749003984063534,-0.27640408681458206,0.012749003984063534,-0.8613138686131387,1,-2.0,5,-9,0.8
3930173,771,941,France,Netherlands,2024-06-21,UEFA Euro,draw,-0.22938085446652934,0.260805860805862,-0.17012227538543354,0.4347826086956522,-1.13840830449827,1.2371134020618553,-0.012749003984063534,0.27640408681458206,-0.012749003984063534,0.8613138686131387,0,2.0,5,9,0.8
3930174,909,780,Turkey,Portugal,2024-06-22,UEFA Euro,loss,-0.8873657756454192,0.07032967032967041,-0.7825624667729936,-1.3634782608695655,-2.020761245674741,-0.6391752577319589,-0.3442231075697203,-1.117949338008585,-0.3442231075697203,-2.281543274244004,1,-6.0,5,-10,0.8
3930174,780,909,Portugal,Turkey,2024-06-22,UEFA Euro,win,0.8873657756454192,-0.07032967032967041,0.7825624667729936,1.3634782608695655,2.020761245674741,0.6391752577319589,0.3442231075697203,1.117949338008585,0.3442231075697203,2.281543274244004,0,6.0,5,10,0.8
3930175,782,905,Belgium,Romania,2024-06-22,UEFA Euro,win,1.4969156956819738,-0.3545787545787545,0.046783625730994705,0.7860869565217393,0.8858131487889274,0.5195876288659791,1.8788844621513914,1.0521733873405477,1.8788844621513914,-1.3034410844629825,1,1.0,6,15,0.8
3930175,905,782,Romania,Belgium,2024-06-22,UEFA Euro,loss,-1.4969156956819738,0.3545787545787545,-0.046783625730994705,-0.7860869565217393,-0.8858131487889274,-0.5195876288659791,-1.8788844621513914,-1.0521733873405477,-1.8788844621513914,1.3034410844629825,0,-1.0,9,-15,0.8
3930176,773,770,Switzerland,Germany,2024-06-23,UEFA Euro,draw,-1.2519990861320538,1.128205128205128,-0.4380648591174914,-0.31999999999999984,-3.3748558246828138,-0.6639175257731955,-0.6820717131474099,-2.1522277975938575,-0.6820717131474099,0.36704900938477597,1,-3.0,4,3,0.8
3930176,770,773,Germany,Switzerland,2024-06-23,UEFA Euro,draw,1.2519990861320538,-1.128205128205128,0.4380648591174914,0.31999999999999984,3.3748558246828138,0.6639175257731955,0.6820717131474099,2.1522277975938575,0.6820717131474099,-0.36704900938477597,0,3.0,1,-3,0.8
3930177,942,916,Scotland,Hungary,2024-06-23,UEFA Euro,loss,0.747543979894905,-1.1194139194139197,0.4189261031366295,-0.04173913043478261,-0.40253748558246827,-0.6474226804123712,0.21832669322709214,0.5603046974185357,0.21832669322709214,-0.9509906152241918,1,0.0,15,0,0.8
3930177,916,942,Hungary,Scotland,2024-06-23,UEFA Euro,win,-0.747543979894905,1.1194139194139197,-0.4189261031366295,0.04173913043478261,0.40253748558246827,0.6474226804123712,-0.21832669322709214,-0.5603046974185357,-0.21832669322709214,0.9509906152241918,0,0.0,15,0,0.8
3930178,785,914,Croatia,Italy,2024-06-24,UEFA Euro,draw,0.017363490975553786,-0.8205128205128198,-0.07655502392344488,0.23304347826086946,-1.599769319492503,0.6061855670103087,-0.5864541832669329,-0.5581282872861377,-0.5864541832669329,-0.5338894681960376,1,-3.0,5,10,0.8
3930178,914,785,Italy,Croatia,2024-06-24,UEFA Euro,draw,-0.017363490975553786,0.8205128205128198,0.07655502392344488,-0.23304347826086946,1.599769319492503,-0.6061855670103087,0.5864541832669329,0.5581282872861377,0.5864541832669329,0.5338894681960376,0,3.0,5,-10,0.8
3930179,906,772,Albania,Spain,2024-06-24,UEFA Euro,loss,-3.113548092300662,4.483516483516483,-2.2158426368952697,-2.9982608695652173,-5.143021914648212,-2.0371134020618555,-1.2637450199203188,-3.8021885012998,-1.2637450199203188,-0.7278415015641293,1,-7.0,12,-18,0.8
3930179,772,906,Spain,Albania,2024-06-24,UEFA Euro,win,3.113548092300662,-4.483516483516483,2.2158426368952697,2.9982608695652173,5.143021914648212,2.0371134020618555,1.2637450199203188,3.8021885012998,1.2637450199203188,0.7278415015641293,0,7.0,3,18,0.8
3930180,941,915,Netherlands,Austria,2024-06-25,UEFA Euro,loss,0.0182773589216354,1.4652014652014644,-0.19138755980861225,0.6243478260869566,1.8477508650519032,-1.1835051546391746,0.3521912350597597,-0.058763073574753744,0.3521912350597597,0.6047966631908238,1,5.0,5,7,0.8
3930180,915,941,Austria,Netherlands,2024-06-25,UEFA Euro,win,-0.0182773589216354,-1.4652014652014644,0.19138755980861225,-0.6243478260869566,-1.8477508650519032,1.1835051546391746,-0.3521912350597597,0.058763073574753744,-0.3521912350597597,-0.6047966631908238,0,-5.0,5,-7,0.8
3930181,768,944,England,Slovenia,2024-06-25,UEFA Euro,draw,2.119259766963673,-0.7824175824175826,1.511961722488039,0.645217391304348,2.0184544405997693,-0.8247422680412368,2.0541832669322693,1.5682244120669848,2.0541832669322693,0.667361835245047,1,8.0,6,22,0.8
3930181,944,768,Slovenia,England,2024-06-25,UEFA Euro,draw,-2.119259766963673,0.7824175824175826,-1.511961722488039,-0.645217391304348,-2.0184544405997693,0.8247422680412368,-2.0541832669322693,-1.5682244120669848,-2.0541832669322693,-0.667361835245047,0,-8.0,9,-22,0.8
3930182,776,786,Denmark,Serbia,2024-06-25,UEFA Euro,draw,0.38930774503084276,0.07032967032967039,-0.23179160021265297,0.6330434782608694,0.7001153402537487,-1.5463917525773192,0.29003984063745114,0.3999758176651957,0.29003984063745114,0.9259645464025027,1,1.0,5,8,0.8
3930182,786,776,Serbia,Denmark,2024-06-25,UEFA Euro,draw,-0.38930774503084276,-0.07032967032967039,0.23179160021265297,-0.6330434782608694,-0.7001153402537487,1.5463917525773192,-0.29003984063745114,-0.3999758176651957,-0.29003984063745114,-0.9259645464025027,0,-1.0,5,-8,0.8
3930183,908,905,Slovakia,Romania,2024-06-26,UEFA Euro,draw,0.7594242631939685,-0.10842490842490815,-0.18288144603934078,-0.4278260869565218,-0.6989619377162628,-0.7876288659793812,1.3147410358565725,0.21667371984765116,1.3147410358565725,-1.5474452554744527,1,3.0,14,3,0.8
3930183,905,908,Romania,Slovakia,2024-06-26,UEFA Euro,draw,-0.7594242631939685,0.10842490842490815,0.18288144603934078,0.4278260869565218,0.6989619377162628,0.7876288659793812,-1.3147410358565725,-0.21667371984765116,-1.3147410358565725,1.5474452554744527,0,-3.0,11,-3,0.8
3930184,912,909,Czech Republic,Turkey,2024-06-26,UEFA Euro,loss,-0.414896047521133,-0.2315018315018314,-0.3338649654439131,0.2121739130434785,0.47174163783160317,1.0432989690721652,-1.3593625498007957,-0.1542832960522337,-1.3593625498007957,0.39833159541188734,1,1.0,9,0,0.8
3930184,909,912,Turkey,Czech Republic,2024-06-26,UEFA Euro,win,0.414896047521133,0.2315018315018314,0.3338649654439131,-0.2121739130434785,-0.47174163783160317,-1.0432989690721652,1.3593625498007957,0.1542832960522337,1.3593625498007957,-0.39833159541188734,0,-1.0,6,0,0.8
3938637,789,941,Poland,Netherlands,2024-06-16,UEFA Euro,loss,-0.8837103038610914,0.25787545787545807,0.4444444444444447,-0.8991304347826086,-2.1476355247981544,0.21855670103092756,-0.9609561752988041,-0.825826733571126,-0.9609561752988041,0.09384775808133458,1,-7.0,13,-2,0.8
3938637,941,789,Netherlands,Poland,2024-06-16,UEFA Euro,win,0.8837103038610914,-0.25787545787545807,-0.4444444444444447,0.8991304347826086,2.1476355247981544,-0.21855670103092756,0.9609561752988041,0.825826733571126,0.9609561752988041,-0.09384775808133458,0,7.0,7,2,0.8
3938638,905,911,Romania,Ukraine,2024-06-17,UEFA Euro,win,-1.0290153072880965,0.2080586080586072,0.25518341307814996,-0.3043478260869568,0.07266435986159163,-0.9030927835051542,-1.8151394422310743,-0.779880297442718,-1.8151394422310743,0.7945776850886341,1,0.0,9,-4,0.8
3938638,911,905,Ukraine,Romania,2024-06-17,UEFA Euro,loss,1.0290153072880965,-0.2080586080586072,-0.25518341307814996,0.3043478260869568,-0.07266435986159163,0.9030927835051542,1.8151394422310743,0.779880297442718,1.8151394422310743,-0.7945776850886341,0,0.0,6,4,0.8
3938639,909,2138,Turkey,Georgia,2024-06-18,UEFA Euro,win,1.4274617317797578,-2.326739926739926,-0.03615098351940496,0.15999999999999975,0.37716262975778553,0.22268041237113356,0.7059760956175303,1.3150353666646513,0.7059760956175303,-1.4953076120959332,1,0.0,7,4,0.8
3938639,2138,909,Georgia,Turkey,2024-06-18,UEFA Euro,loss,-1.4274617317797578,2.326739926739926,0.03615098351940496,-0.15999999999999975,-0.37716262975778553,-0.22268041237113356,-0.7059760956175303,-1.3150353666646513,-0.7059760956175303,1.4953076120959332,0,0.0,13,-4,0.8
3938640,908,911,Slovakia,Ukraine,2024-06-21,UEFA Euro,loss,-0.26959104409412793,0.09963369963369906,0.07230196703880915,-0.7321739130434787,-0.6262975778546712,-1.6907216494845354,-0.5003984063745016,-0.5632065775950669,-0.5003984063745016,-0.7528675703858185,1,0.0,13,-1,0.8
3938640,911,908,Ukraine,Slovakia,2024-06-21,UEFA Euro,win,0.26959104409412793,-0.09963369963369906,-0.07230196703880915,0.7321739130434787,0.6262975778546712,1.6907216494845354,0.5003984063745016,0.5632065775950669,0.5003984063745016,0.7528675703858185,0,0.0,7,1,0.8
3938641,789,915,Poland,Austria,2024-06-21,UEFA Euro,loss,-0.865432944939456,1.7230769230769225,0.2530568846358324,-0.2747826086956521,-0.29988465974625145,-0.9649484536082471,-0.6087649402390445,-0.8845898071458798,-0.6087649402390445,0.6986444212721584,1,-2.0,13,5,0.8
3938641,915,789,Austria,Poland,2024-06-21,UEFA Euro,win,0.865432944939456,-1.7230769230769225,-0.2530568846358324,0.2747826086956521,0.29988465974625145,0.9649484536082471,0.6087649402390445,0.8845898071458798,0.6087649402390445,-0.6986444212721584,0,2.0,7,-5,0.8
3938642,2138,912,Georgia,Czech Republic,2024-06-22,UEFA Euro,draw,-1.0125656842586248,2.558241758241757,0.3700159489633181,-0.37217391304347824,-0.8489042675893888,-1.2659793814432987,0.6533864541832655,-1.1607520706124175,0.6533864541832655,1.0969760166840459,1,-4.0,14,-4,0.8
3938642,912,2138,Czech Republic,Georgia,2024-06-22,UEFA Euro,draw,1.0125656842586248,-2.558241758241757,-0.3700159489633181,0.37217391304347824,0.8489042675893888,1.2659793814432987,-0.6533864541832655,1.1607520706124175,-0.6533864541832655,-1.0969760166840459,0,4.0,11,4,0.8
3938643,771,789,France,Poland,2024-06-25,UEFA Euro,draw,0.654329449394562,0.002930402930403919,-0.6145667198298782,1.333913043478261,1.0092272202998847,1.0185567010309278,0.9482071713147406,1.102230820385708,0.9482071713147406,0.7674661105318041,1,8.0,7,11,0.8
3938643,789,771,Poland,France,2024-06-25,UEFA Euro,draw,-0.654329449394562,-0.002930402930403919,0.6145667198298782,-1.333913043478261,-1.0092272202998847,-1.0185567010309278,-0.9482071713147406,-1.102230820385708,-0.9482071713147406,-0.7674661105318041,0,-8.0,13,-11,0.8
3938644,2138,780,Georgia,Portugal,2024-06-26,UEFA Euro,win,-2.3148275074251767,2.397069597069596,-0.7464114832535886,-1.5234782608695652,-2.397923875432526,-0.8618556701030924,-1.0501992031872507,-2.4329847046732365,-1.0501992031872507,-0.7862356621480708,1,-8.0,13,-14,0.8
3938644,780,2138,Portugal,Georgia,2024-06-26,UEFA Euro,loss,2.3148275074251767,-2.397069597069596,0.7464114832535886,1.5234782608695652,2.397923875432526,0.8618556701030924,1.0501992031872507,2.4329847046732365,1.0501992031872507,0.7862356621480708,0,8.0,7,14,0.8
3938645,911,782,Ukraine,Belgium,2024-06-26,UEFA Euro,draw,-0.4679003883938774,0.14652014652014728,-0.30196703880914466,-0.4817391304347825,-0.9584775086505191,0.383505154639175,-0.06374501992031723,-0.27229308989782974,-0.06374501992031723,0.5088633993743483,1,-1.0,5,-11,0.8
3938645,782,911,Belgium,Ukraine,2024-06-26,UEFA Euro,draw,0.4679003883938774,-0.14652014652014728,0.30196703880914466,0.4817391304347825,0.9584775086505191,-0.383505154639175,0.06374501992031723,0.27229308989782974,0.06374501992031723,-0.5088633993743483,0,1.0,5,11,0.8
3940878,773,914,Switzerland,Italy,2024-06-29,UEFA Euro,win,-0.38016906557002544,-0.24029304029303983,0.1297182349813929,-0.26956521739130435,-2.146482122260669,0.44536082474226796,-0.5657370517928277,-1.0142071216976,-0.5657370517928277,-0.7695516162669448,1,2.0,5,7,0.8
3940878,914,773,Italy,Switzerland,2024-06-29,UEFA Euro,loss,0.38016906557002544,0.24029304029303983,-0.1297182349813929,0.26956521739130435,2.146482122260669,-0.44536082474226796,0.5657370517928277,1.0142071216976,0.5657370517928277,0.7695516162669448,0,-2.0,5,-7,0.8
3940983,770,776,Germany,Denmark,2024-06-29,UEFA Euro,win,1.0600868174548777,-0.9728937728937729,0.9739500265816065,0.9947826086956524,2.9365628604382925,1.4886597938144324,0.895617529880478,1.8784837676077621,0.895617529880478,-0.1418143899895726,1,8.0,1,-2,0.8
3940983,776,770,Denmark,Germany,2024-06-29,UEFA Euro,loss,-1.0600868174548777,0.9728937728937729,-0.9739500265816065,-0.9947826086956524,-2.9365628604382925,-1.4886597938144324,-0.895617529880478,-1.8784837676077621,-0.895617529880478,0.1418143899895726,0,-8.0,4,2,0.8
3941017,768,908,England,Slovakia,2024-06-30,UEFA Euro,win,0.8398446424491657,-0.38681318681318644,0.45933014354067014,1.939130434782609,2.2618223760092273,0.8206185567010307,0.5211155378486044,1.2125022670938876,0.5211155378486044,1.616266944734098,1,4.0,7,19,0.8
3941017,908,768,Slovakia,England,2024-06-30,UEFA Euro,loss,-0.8398446424491657,0.38681318681318644,-0.45933014354067014,-1.939130434782609,-2.2618223760092273,-0.8206185567010307,-0.5211155378486044,-1.2125022670938876,-0.5211155378486044,-1.616266944734098,0,-4.0,13,-19,0.8
3941018,772,2138,Spain,Georgia,2024-06-30,UEFA Euro,win,3.1848297920950417,-3.5575091575091564,1.2291334396597557,2.431304347826087,5.230680507497117,0.7835051546391751,1.6302788844621507,3.782117163412127,1.6302788844621507,-0.1897810218978102,1,6.0,3,17,0.8
3941018,2138,772,Georgia,Spain,2024-06-30,UEFA Euro,loss,-3.1848297920950417,3.5575091575091564,-1.2291334396597557,-2.431304347826087,-5.230680507497117,-0.7835051546391751,-1.6302788844621507,-3.782117163412127,-1.6302788844621507,0.1897810218978102,0,-6.0,12,-17,0.8
3941019,771,782,France,Belgium,2024-07-01,UEFA Euro,win,-0.3189399131825452,0.21391941391941505,-0.6060606060606067,0.9199999999999999,0.23183391003460208,0.956701030927835,-0.24223107569721025,0.46526812163714387,-0.24223107569721025,1.0281543274244007,1,4.0,5,5,0.8
3941019,782,771,Belgium,France,2024-07-01,UEFA Euro,loss,0.3189399131825452,-0.21391941391941505,0.6060606060606067,-0.9199999999999999,-0.23183391003460208,-0.956701030927835,0.24223107569721025,-0.46526812163714387,0.24223107569721025,-1.0281543274244007,0,-4.0,5,-5,0.8
3941020,780,944,Portugal,Slovenia,2024-07-01,UEFA Euro,draw,2.4829792095042262,-1.2542124542124544,1.8989898989899001,0.8573913043478261,2.1118800461361014,0.37938144329896895,2.090836653386453,2.1548878544223444,2.090836653386453,0.9697601668404587,1,6.0,6,14,0.8
3941020,944,780,Slovenia,Portugal,2024-07-01,UEFA Euro,draw,-2.4829792095042262,1.2542124542124544,-1.8989898989899001,-0.8573913043478261,-2.1118800461361014,-0.37938144329896895,-2.090836653386453,-2.1548878544223444,-2.090836653386453,-0.9697601668404587,0,-6.0,9,-14,0.8
3941021,905,941,Romania,Netherlands,2024-07-02,UEFA Euro,loss,-1.4073566369659578,0.4014652014652014,0.3891547049441785,-1.271304347826087,-2.2560553633217997,-0.2391752577319587,-1.6494023904382447,-1.2410374221631095,-1.6494023904382447,1.1366006256517205,1,-4.0,9,-11,0.8
3941021,941,905,Netherlands,Romania,2024-07-02,UEFA Euro,win,1.4073566369659578,-0.4014652014652014,-0.3891547049441785,1.271304347826087,2.2560553633217997,0.2391752577319587,1.6494023904382447,1.2410374221631095,1.6494023904382447,-1.1366006256517205,0,4.0,6,11,0.8
3941022,915,909,Austria,Turkey,2024-07-02,UEFA Euro,loss,0.31345670550605426,-0.9699633699633698,-0.07868155236576316,0.2869565217391305,0.7727797001153403,0.8247422680412368,-0.23107569721115562,0.4019104044495496,-0.23107569721115562,0.1689259645464024,1,3.0,5,0,0.8
3941022,909,915,Turkey,Austria,2024-07-02,UEFA Euro,win,-0.31345670550605426,0.9699633699633698,0.07868155236576316,-0.2869565217391305,-0.7727797001153403,-0.8247422680412368,0.23107569721115562,-0.4019104044495496,0.23107569721115562,-0.1689259645464024,0,-3.0,5,0,0.8
3942226,772,770,Spain,Germany,2024-07-05,UEFA Euro,win,0.4578478409869773,-0.451282051282051,0.32110579479000523,0.8556521739130434,1.0495963091118803,-0.49484536082474184,0.3091633466135453,0.328154283296052,0.3091633466135453,0.4650677789363922,1,0.0,0,6,0.8
3942226,770,772,Germany,Spain,2024-07-05,UEFA Euro,loss,-0.4578478409869773,0.451282051282051,-0.32110579479000523,-0.8556521739130434,-1.0495963091118803,0.49484536082474184,-0.3091633466135453,-0.328154283296052,-0.3091633466135453,-0.4650677789363922,0,0.0,0,-6,0.8
3942227,768,773,England,Switzerland,2024-07-06,UEFA Euro,draw,0.4761251999086132,0.05274725274725279,-0.11057947900053167,0.05565217391304356,1.498269896193772,-0.9567010309278349,0.3745019920318712,0.5445861797956592,0.3745019920318712,0.7716371220020856,1,0.0,5,8,0.8
3942227,773,768,Switzerland,England,2024-07-06,UEFA Euro,draw,-0.4761251999086132,-0.05274725274725279,0.11057947900053167,-0.05565217391304356,-1.498269896193772,0.9567010309278349,-0.3745019920318712,-0.5445861797956592,-0.3745019920318712,-0.7716371220020856,0,0.0,5,-8,0.8
3942349,780,771,Portugal,France,2024-07-05,UEFA Euro,draw,0.7850125656842588,-0.826373626373627,1.2227538543328025,0.01739130434782621,0.5386389850057671,-0.23917525773195875,0.23585657370517976,0.49839792031920704,0.23585657370517976,0.6465067778936391,1,-2.0,5,-6,0.8
3942349,771,780,France,Portugal,2024-07-05,UEFA Euro,draw,-0.7850125656842588,0.826373626373627,-1.2227538543328025,-0.01739130434782621,-0.5386389850057671,0.23917525773195875,-0.23585657370517976,-0.49839792031920704,-0.23585657370517976,-0.6465067778936391,0,2.0,5,6,0.8
3942382,941,909,Netherlands,Turkey,2024-07-06,UEFA Euro,win,0.33173406442768966,0.4952380952380946,-0.2700691121743754,0.911304347826087,2.6205305651672437,-0.35876288659793776,0.12111553784860407,0.3431473308747959,0.12111553784860407,0.7737226277372262,1,-1.0,5,7,0.8
3942382,909,941,Turkey,Netherlands,2024-07-06,UEFA Euro,loss,-0.33173406442768966,-0.4952380952380946,0.2700691121743754,-0.911304347826087,-2.6205305651672437,0.35876288659793776,-0.12111553784860407,-0.3431473308747959,-0.12111553784860407,-0.7737226277372262,0,1.0,5,-7,0.8
3942752,772,771,Spain,France,2024-07-09,UEFA Euro,win,1.6550148503541235,-1.9868131868131869,1.7054758107389696,0.9252173913043478,3.371395617070357,-0.31752577319587605,0.8159362549800798,1.8475303790580977,0.8159362549800798,-0.32950990615224196,1,6.0,1,-3,0.8
3942752,771,772,France,Spain,2024-07-09,UEFA Euro,loss,-1.6550148503541235,1.9868131868131869,-1.7054758107389696,-0.9252173913043478,-3.371395617070357,0.31752577319587605,-0.8159362549800798,-1.8475303790580977,-0.8159362549800798,0.32950990615224196,0,-6.0,4,3,0.8
3942819,941,768,Netherlands,England,2024-07-10,UEFA Euro,loss,-0.19191226867717626,0.09377289377289319,-0.6656034024455079,-0.24000000000000032,0.693194925028835,0.2061855670103092,-0.1864541832669323,-0.18813856477842938,-0.1864541832669323,-1.205422314911366,1,1.0,5,-11,0.8
3942819,768,941,England,Netherlands,2024-07-10,UEFA Euro,win,0.19191226867717626,-0.09377289377289319,0.6656034024455079,0.24000000000000032,-0.693194925028835,-0.2061855670103092,0.1864541832669323,0.18813856477842938,0.1864541832669323,1.205422314911366,0,-1.0,5,11,0.8
3943043,772,768,Spain,England,2024-07-14,UEFA Euro,win,1.233721727210418,-1.6322344322344318,0.8697501329080283,1.1199999999999997,2.9261822376009223,1.1257731958762887,0.616733067729084,1.9357959010942505,0.616733067729084,-0.6736183524504693,1,6.0,1,-5,0.8
3943043,768,772,England,Spain,2024-07-14,UEFA Euro,loss,-1.233721727210418,1.6322344322344318,-0.8697501329080283,-1.1199999999999997,-2.9261822376009223,-1.1257731958762887,-0.616733067729084,-1.9357959010942505,-0.616733067729084,0.6736183524504693,0,-6.0,4,5,0.8
